author,title,date,lines,qual,ov,vo,none,both
Julianus Toletanus,Antikeimenon,663.34,2607,995,,,270,76
Verus Ruthenensis,Epistolae,625,13,8,,,1,2
Marius Mercator,Subnotationes in verba Juliani,448.34,458,246,,,75,24
Theodoricus III Francorum,Praeceptiones ecclesiasticae et monasticae,691.0,162,55,,,17,8
Sulpicius Severus,Epistolae 1,404.95,480,243,,,51,24
Concilium Romanum,Acta 2,382,19,15,,,3,2
Cicero,Epistolae ad Familiares,-54.82,5605,4420,,,941,656
Aldhelmus Schireburnensis,In honorem apostolorum,669.45,3,1,,,0,0
Ausonius Burdigalensis,De XII Caesaribus per Suetonium Tranquillum scriptis,380.28,66,31,,,7,3
Titus Livius,"Ab Urbe Condita, libri 08-10",-7.96,2644,1241,,,227,203
Marius Mercator,Commonitorium de Coelestio,449.99,123,66,,,9,14
Cyprianus Carthaginensis,Epistola,258,24,17,,,4,3
Vergilius Maro,Georgica,-34.68,640,447,,,41,169
Ovidius Naso,Metamorphoses,-18.68,5097,3567,,,511,1029
Augustinus Hipponensis,Contra Faustum Manichaeum,416.64,6378,3595,,,1010,379
Egbertus Eboracensis,De institutione catholicae,729,128,59,,,17,10
Paulinus Aquileiensis,Epistola ad Heistulfum,744.23,51,14,,,4,2
Isidorus Hispalensis,De ordine creaturarum,623.63,471,250,,,76,22
Justinianus I Augustus,Novellae selectae,510.49,1904,1151,,,214,160
Gregorius I,Benedictionale,565.01,289,78,,,16,7
Gregorius I,Tabulae donariorum marmoreae,601.03,148,51,,,15,7
Smaragdus S. Michaelis,Summarium in epistolas et evangelia,788.45,1098,502,,,109,67
Augustinus Hipponensis,De anima et ejus origine,379.58,1531,1009,,,300,104
Augustinus Hipponensis,Admonitio in sequens fragmentum,388.39,5,4,,,2,1
Sulpicius Severus,De vita beati Martini,397.34,409,196,,,58,12
Gennadius Massiliensis,Notitia 2,492,5,0,,,0,0
Ambrosius Mediolanensis,Apologia Prophetae David,394.73,785,333,,,84,32
Ennodius Ticinensis,Dictiones,500.08,1348,625,,,146,89
Seneca,De Brevitate Vitae,26.18,379,232,,,55,25
Carolus Magnus,Diplomata de Italia,782.82,45,20,,,6,5
Gregorius I,Homiliae in Ezechielem,566.43,688,333,,,107,17
Rufinus Aquileiensis,Confessio fidei,410.11,14,2,,,1,1
Fulgentius Ruspensis,De incarnatione filii Dei,494.67,666,331,,,67,52
Augustinus Hipponensis,Contra mendacium,428.25,661,320,,,60,40
Ambrosius Mediolanensis,Hymni,362.29,77,24,,,2,3
Hilarius Pictaviensis,Sermo de dedicatione ecclesiae,337.16,61,26,,,6,2
Ambrosius Mediolanensis,Epistolarum classis I,364.35,6721,3081,,,705,288
Augustinus Hipponensis,De agone Christiano,417.49,437,263,,,58,27
Joannes Moschus,Pratum spirituale,592.16,3610,1520,,,287,173
Lactantius,Liber de opificio Dei,317.75,573,267,,,67,22
Ambrosius Mediolanensis,De Noe et Arca,364.95,802,268,,,64,31
Junilius Africanus,De partibus divinae legis,540,928,177,,,47,13
Augustinus Hipponensis,Expositio Epistolae ad Galatas,375.76,987,480,,,123,38
Felix Ravennatensis,Prologus ad sermones S. Petri Chrysologi,717,8,6,,,0,2
Cassiodorus Vivariensis,Praefatio,579.22,359,98,,,37,10
Tertullianus,Adversus Praxeam,200.32,933,419,,,103,25
Augustinus Hipponensis,Quaestiones XVII in Matthaeum,425.97,219,120,,,34,15
Augustinus Hipponensis,Expositio propositionum ex Epistola ad Romanos,425.62,525,282,,,73,32
Isidorus Hispalensis,Regula monachorum 2,627.21,368,154,,,39,15
Lactantius,Divinarum institutionum liber V,271.1,859,537,,,158,25
Prosper Aquitanus,Epigramma in obtractorem Augustini,457.67,7,4,,,1,0
Paulinus Aquileiensis,Ad monachos de poenitentia,759.19,18,7,,,0,0
Clodoveus II Francorum,Diplomata sincera,657.56,74,5,,,1,0
Hildefonsus Toletanus,Epistolae,661.17,44,28,,,9,5
Cicero,Epistolae ad Brutum,-51.72,564,359,,,62,81
Dionysius Exiguus,Epistolae de ratione Paschae,517.5,137,48,,,12,4
Hieronymus Stridonensis,Liber Job 1,412.84,1322,504,,,88,60
Augustinus Hipponensis,Epistularum Selectio,386.47,1914,1576,,,434,205
Joannes Moschus,Prologus,618.97,12,4,,,0,0
Gennadius Massiliensis,De ecclesiasticis dogmatibus,492,304,150,,,37,21
Coelius Sedulius,Hymnus,342,26,20,,,2,3
Isidorus Hispalensis,De ortu et obitu Patrum,602.58,361,155,,,28,19
Ambrosius Mediolanensis,De obitu Valentiniani consolatio,385.87,560,273,,,55,30
Hilarius Pictaviensis,Commentarius in Matthaeum,353.26,3489,970,,,276,75
Boetius,Commentaria in Topica Ciceronis,516.69,2981,1065,,,193,129
Paschasius diaconus,Prologus,511.19,9,2,,,1,0
Benedictus Anianensis,De regulis,792.1,269,60,,,18,9
Servius,In Vergilii Eclogarum comentarii,400,2373,891,,,184,146
Aurelianus Arelatensis,Regula ad monachos,563.33,309,73,,,17,3
Tertullianus,Ad Scapulam,189.7,139,74,,,27,3
Venantius Fortunatus,Miscellanea,549.48,4383,2298,,,396,372
Gregorius Turonensis,De gloria beatorum confessorum,557.17,1424,596,,,151,56
Augustinus Hipponensis,De subsequenti opere,424.97,9,3,,,1,0
Maximus Taurinensis,Homiliae,420,6609,2553,,,635,315
Cicero,De fato,-44,259,126,,,36,19
Prudentius,Contra Symmachum,375.07,884,357,,,68,100
Tertullianus,De resurrectione carnis,206.41,1486,418,,,136,27
Cicero,Topica,-59.17,490,137,,,21,18
Lactantius,Divinarum institutionum liber IV,316.39,1052,518,,,115,32
Beda,Libellus precum,723.54,490,89,,,20,19
Augustinus Hipponensis,De patientia,379.16,325,162,,,27,26
Cornelius Tacitus,Opera Minora,108.95,372,270,,,68,24
Hieronymus Stridonensis,Commentaria in Amos,367.84,2722,1104,,,252,110
Catulfus,Instructio epistolaris,750,99,37,,,12,6
Beda,Allegorica expositio in Cantica canticorum,707.59,3363,1788,,,473,168
Primasius Adrumetanensis,Commentaria in epistolas S. Pauli,560,15436,5222,,,1239,562
Augustinus Hipponensis,Epistola ad Valerium,406.9,14,15,,,3,0
Hieronymus Stridonensis,Commentaria in Epistolam ad Titum,378.87,1165,417,,,105,39
Plautus,Curculio,-193.08,700,244,,,73,28
Augustinus Hipponensis,Sermones de tempore,401.05,9407,3797,,,1045,298
Beda,De tonitruis,693.24,40,8,,,1,0
Beda,Super epistolas Catholicas,696.75,3237,1555,,,393,172
Hieronymus Stridonensis,Liber Judith,416.36,424,221,,,38,20
Hieronymus Stridonensis,Evangelium secundum Lucam,418.99,2016,728,,,175,60
Alcuinus,Vita S. Vedasti,792.84,299,127,,,33,27
Origenes; Hieronymus Stridonensis,Interpretatio homiliarum Origenis in Canticum canticorum,419.78,816,220,,,50,24
Smaragdus S. Michaelis,Collectiones in epistolas et evangelia,781.36,14965,7227,,,1738,725
Beda,Allegorica expositio in Esdram et Nehemiam,733.3,2030,1017,,,277,90
Augustinus Hipponensis,Homilia in Dominica II Adventus,375.54,45,14,,,6,2
Hieronymus Stridonensis,Liber Tobiae,419.58,437,196,,,38,20
Catullus,Carmina,-55.64,822,381,,,49,113
Ovidius Naso,Ex Ponto,10.29,1435,896,,,174,188
Cyprianus Carthaginensis,De spectaculis,258,114,65,,,13,7
Cyprianus Carthaginensis,De opere et eleemosynis,258,261,165,,,42,19
Augustinus Hipponensis,De moribus Ecclesiae,406.17,1650,677,,,162,61
Dionysius Alexandrinus,Epistolae,257.7,76,33,,,7,5
Coelius Sedulius,Epigramma,342,2,2,,,0,1
Cicero,Orationes 3,-77.31,375,172,,,50,22
Augustinus Hipponensis,Adversus V haereses,397.28,870,398,,,99,28
Plautus,Persa,-192.2,913,266,,,96,19
Ausonius Burdigalensis,Septem sapientum sententiae,377.33,62,18,,,12,0
Augustinus Hipponensis,De gratia et libero arbitrio,372.12,784,418,,,110,39
Tertullianus,Adversus Hermogenem,204.93,765,234,,,53,34
Prosper Aquitanus,Epistola ad Rufinum,428.99,166,98,,,32,11
Augustinus Hipponensis,De quantitate animae,426.12,1173,598,,,173,48
Seneca,De Beneficiis,25.35,2752,2225,,,652,194
Augustinus Hipponensis,Contra Priscillianistas et Origenistas,384.98,161,88,,,26,14
Eucherius Lugdunensis,Epistola paraenetica,421.55,418,177,,,55,10
Ambrosius Mediolanensis,Expositio Evangelii secundum Lucam,376.26,8504,3626,,,948,324
Aristoteles; Boetius,In librum De interpretatione Aristotelis Maior,513.58,5033,1895,,,399,383
Julianus Toletanus,Commentarius in Nahum,686.09,1479,454,,,117,79
Martinus Braccarensis,De superbia,572.94,82,27,,,6,2
Augustinus Hipponensis,De conjugiis adulterinis,405.98,791,522,,,101,60
Ausonius Burdigalensis,Ad Grati Angratianum Imperatorem Pro Consulatu,377.5,264,124,,,46,8
Ambrosius Mediolanensis,Exhortatio virginitatis,393.43,776,341,,,78,31
Alcuinus,Carmina,762.37,2459,931,,,160,228
Beda,De templo Salomonis,714.75,1301,684,,,207,54
Hieronymus Stridonensis,Vita Sancti Hilarii,361.57,14,3,,,2,0
Prosper Aquitanus,Sententiae delibatae ex operibus S. Augustini,432.79,1367,490,,,113,59
Joannes Cassianus,De incarnatione Christi,380.91,2468,1007,,,283,71
Alcuinus,Vita B. Richardi,799.94,181,85,,,20,16
Ausonius Burdigalensis,Ordo Urbium Nobilium,341.91,50,24,,,3,9
Seneca maior,Fragmenta,-10.77,9,6,,,2,1
Auctores varii; Dionysius Exiguus,Collectio decretorum pontificum Romanorum,517.44,1492,772,,,196,94
Plautus,Casina,-187.53,832,194,,,72,28
Facundus Hermianensis,Epistola fidei catholicae,569.27,162,105,,,35,7
Ambrosius Mediolanensis,Sermones,376.49,252,76,,,24,5
Valerianus Cemeliensis,Homiliae,450,1827,893,,,221,71
Marius Victorinus,Contra duo principia Manichaeorum,343.56,271,89,,,30,9
Maximus Taurinensis,Expositiones de capitulis evangeliorum,420,645,303,,,42,41
Eligius Noviomensis,Homiliae,659,1202,696,,,152,86
Valerius,Epistola nuncupatoria,656,22,10,,,3,1
Isidorus Hispalensis,Quaestiones in Veterum Testamentum,619.53,4116,1661,,,371,178
Augustinus Hipponensis,Contra Fortunatum Manichaeum,419.1,419,182,,,32,23
Ovidius Naso,Tristia,-23.87,1493,1026,,,206,232
Plautus,Epidicus,-235.05,720,239,,,60,39
Hildemarus,Epistola ad Ursum Beneventanum,800,53,17,,,3,0
Cyrillus Alexandrinus; Dionysius Exiguus,Epistola synodica,527.93,122,51,,,11,6
Lambertus Pultariensis,Epistola ad Albericum,800,40,21,,,11,1
Rusticus Helpidius,Carmina in historiam Testamenti Veteris et Novi,520,33,15,,,0,4
Prudentius,Dittochaeum,393.43,153,39,,,5,7
Cornelius Tacitus,Opera Minora,79.47,365,158,,,37,17
Quintilianus,Institutio Oratoria,80.97,9804,4824,,,1260,574
Tertullianus,De corona militis,181.87,355,109,,,43,8
Augustinus Hipponensis,De magnificentiis S. Hieronymi,401.57,227,75,,,24,6
Marcellinus comes,Chronicon,497.64,746,135,,,41,14
Augustinus Hipponensis,Principia dialecticae,391.14,391,123,,,34,16
Venantius Fortunatus,Expositio Catholicae fidei,559.5,117,35,,,8,5
Ambrosius Mediolanensis,De sacramentis,388.69,1043,429,,,81,28
Eugyppius Africae,Vita Sancti Severini,520.0,530,246,,,67,38
Beda,Allegorica expositio in Parabolas Salomonis,698.4,2746,1232,,,309,111
Origenes; Hieronymus Stridonensis,Translatio homiliarum in visiones Isaiae,370.49,1179,515,,,132,49
Cornelius Tacitus,Historiae,99.5,3124,1124,,,216,98
Theodorus Cantuariensis,Capitula collecta ex fragmentis,680.23,68,29,,,9,2
Joannes Cassianus,Collationes,405.51,6137,2783,,,732,357
Antonius,Carmen adversus gentes,250,127,80,,,13,20
"Claudianus, Claudius",Panegyricus dictus Probino et Olybrio consulibus,392.61,93,47,,,1,17
Prosper Aquitanus,Sententiae delibatae ex Augustino,438.97,1448,480,,,109,50
Augustinus Hipponensis,De correptione et gratia,408.15,682,419,,,116,26
Venantius Fortunatus,Vita S. Maurilii,603.72,238,109,,,33,12
Prosper Aquitanus,Contra collatorem,433.04,840,462,,,116,56
Augustinus Hipponensis,De immortalitate animae,405.34,377,120,,,24,20
Annemundus Lugdunensis,Charta,656,5,3,,,1,1
Venantius Fortunatus,Vita Germani,580.41,460,176,,,40,36
Vigilius Tapsensis,De unitate Trinitatis 1,490,485,180,,,47,18
Hieronymus Stridonensis,Liber Psalmorum 1,404.59,3932,895,,,149,89
Cicero,Cato Maior: de Senectute,-44,451,235,,,56,29
Eustathius,Metaphrasis Latina Hexaemeri,450,1825,530,,,95,89
Hilarius Pictaviensis,Apologetica responsa ad reprehensores libri de synodis,366.25,49,14,,,4,3
Tertullianus,Adversus Valentinianos,222.05,574,160,,,51,17
Alcuinus,De cursu et saltu lunae,785.92,376,155,,,38,21
Hieronymus Stridonensis,Epistola Petri II,366.79,74,24,,,6,3
Fulgentius Ruspensis,Libri ad Trasimundum,504.17,1769,806,,,190,83
Cicero,De Partitione Oratoria,-48.98,647,170,,,43,34
Hilarius Pictaviensis,Liber secundus ad Constantium,349.28,117,43,,,17,7
Paterius notarius Gregorii I,Expositio Veteris ac Novi Testamenti,606,15322,6165,,,1401,384
Augustinus Hipponensis,De nuptiis et concupiscentia,400.78,1408,583,,,141,73
Augustinus Hipponensis,Breviculus collationis cum Donatistis,390.29,556,348,,,94,36
Persius,Saturae,52.75,364,147,,,34,29
Justinianus I Augustus,Adversus Origenem,539.89,1547,355,,,83,37
Alcuinus,De incarnatione Christi,773.65,669,284,,,75,37
Hilarius Arelatensis,Sermo de vita Honorati,422.63,458,201,,,63,13
Augustinus Hipponensis,De Psalmorum auctore,404.11,15,7,,,3,0
Agobardus Lugdunensis,Epistola ad Ebbonem de spe et timore,789.45,39,14,,,3,0
Ennodius Ticinensis,Eucharisticum,509.24,99,52,,,17,9
Leo I,Epistola ad Flavianum,460.89,151,43,,,10,6
Lucianus presbyter Caphamargalae,Epistola ad omnem ecclesiam,416.04,319,136,,,36,15
Ovidius Naso,Ibis,-7.68,304,144,,,20,47
Eucherius Lugdunensis,Epitomes operum Cassiani,445.49,468,245,,,51,38
Eutropius,De districtione monachorum,350,94,45,,,13,4
Nicetas Aquileiensis,De Spiritus sancti potentia,356.09,287,93,,,22,10
Prosper Aquitanus,Responsiones ad objectiones Vincentianas,435.33,152,64,,,21,8
Prudentius,Cathemerina,373.79,423,238,,,34,58
Gregorius I,Homiliae in Evangelia,571.96,6029,3208,,,752,242
Valerius Flaccus,Argonautica,90,2957,1729,,,302,524
Cassiodorus Vivariensis,Commentarium de oratione,514.02,558,320,,,102,39
Theodorus Cantuariensis,Capitula oblata Concilio Herudfordiano,649.95,27,9,,,4,1
Ambrosius Mediolanensis,De Tobia,378.82,1009,505,,,102,52
Vigilius Tapsensis,Dialogus contra Arianos etc.,490,1245,462,,,113,49
Seneca,De Clementia,26.23,418,325,,,66,48
Aurelius Carthaginensis,Epistola 2,400,5,1,,,0,0
Tertullianus,Adversus Judaeos,205.67,666,268,,,63,27
Iuvenalis,Saturae,81.95,1377,1027,,,146,273
Augustinus Hipponensis,Sermones de diversis,398.6,5102,2327,,,653,201
Augustinus Hipponensis,De bono conjugali,381.89,473,220,,,58,17
Venantius Fortunatus,Vita S. Hilarii,575.2,186,100,,,25,11
Alcuinus,Adversus haeresin Felicis,785.24,799,258,,,78,28
Terentius Afer,Andria,-159.16,1170,350,,,62,66
Julius Firmicus Maternus,De errore profanarum religionum,337,1009,530,,,139,62
Cicero,Laelius de Amicitia,-53.92,444,242,,,45,38
Augustinus Hipponensis,In Joannis evangelium tractatus CXXIV,412.83,20437,11262,,,3055,1052
Boetius,De unitate et uno,517.86,75,29,,,5,13
Fulgentius Ruspensis,Sermones inediti,519.71,217,103,,,31,11
Aurelianus Arelatensis,Excerpta ex epistola ad Theodebertum,561.46,12,4,,,0,0
Leo I,De haeresi et historia Manichaeorum,460.43,3914,1612,,,471,171
Alcuinus,Vita S. Martini Turonensis,764.15,131,48,,,14,7
Lactantius,Divinarum institutionum liber I,287.97,1159,509,,,114,54
Lucretius,De Rerum Natura,-69.88,1849,1202,,,163,391
Gennadius Massiliensis,De scriptoribus ecclesiasticis,492,363,238,,,66,15
Hieronymus Stridonensis,Liber Ecclesiastes,407.49,394,135,,,22,15
Ovidius Naso,Ars amatoria,5.06,1487,672,,,126,130
Auctor incertus; Dionysius Exiguus; Cyrillus Alexandrinus,Circuli decemnovenales,498.04,1070,0,,,0,0
Hieronymus Stridonensis,Commentaria in Aggaeum,379.83,637,254,,,64,19
Fulgentius Ruspensis,Contra sermonem Fastidiosi Ariani,488.49,431,172,,,38,18
Eugyppius Africae,Thesaurus,513.74,10755,6068,,,1417,820
Hieronymus Stridonensis,Epistola Jacobi,410.4,176,50,,,18,4
Bertichramnus Cenomanensis,Testamentum,623,204,249,,,95,25
Origenes; Hieronymus Stridonensis,Translatio XXXIX Homiliarum,367.67,2356,1053,,,263,127
Prosper Aquitanus,Appendicula ad Chronicum,412.27,14,8,,,3,0
Tertullianus,De pudicitia,216.09,866,340,,,112,27
Tertullianus,De virginibus velandis,177.2,403,133,,,36,13
Boetius,Commentaria in Porphyrium,498.24,1912,606,,,91,117
Prosper Aquitanus,Expositio Psalmorum a C usque ad CL,438.05,3525,1399,,,315,139
Augustinus Hipponensis,De haeresibus,372.32,565,252,,,71,21
Dionysius Exiguus,Epistola de ratione Paschae,509.0,66,19,,,4,2
Hieronymus Stridonensis,Prologus,370.9,249,69,,,15,10
Ambrosiaster,Commentaria in Epistolam ad Timotheum Primam,384.0,490,252,,,46,29
Lactantius,Divinarum institutionum liber VI,284.4,1188,545,,,143,48
Sulpicius Severus,Dialogi,423.81,962,473,,,142,33
Prudentius,Hamartigenia,399.89,203,206,,,26,69
Ambrosius Mediolanensis,De Spiritu Sancto,396.34,2874,1160,,,333,122
Fulgentius Ruspensis,De Trinitate,526.92,301,115,,,32,12
Seneca,Troades,57.25,540,318,,,36,92
Cicero,Orationes 1,-67.6,33,7,,,0,0
Angilbertus Centulensis,Statuta,797.1,17,10,,,1,1
Gregorius Turonensis,Libri historiarum X,583.75,7498,3058,,,1007,231
Augustinus Hipponensis,De spiritu et littera,413.84,1009,559,,,149,66
Candidus Fuldensis,Opusculum de passione Domini,800,1236,755,,,150,98
Venantius Fortunatus,Versus,578.52,73,41,,,10,10
Hieronymus Stridonensis,Liber Judicum,372.93,1238,524,,,108,44
Basilius Caesareae,Admonitio ad filium spiritualem,374.0,388,154,,,33,18
Vitruvius,De Architectura,-33,2596,1149,,,153,365
Cicero,Tusculanae disputationes,-45,5109,1511,,,461,189
Concilium Romanum,Acta 1,382,2,1,,,0,0
Cicero,De Oratore 2,-55,1304,496,,,114,95
"Claudianus, Claudius",Panegyricus dictus Manlio Theodoro consuli,394.6,133,96,,,10,40
Plautus,Cistellaria,-223.85,559,195,,,45,39
Boetius,De syllogismo hypothetico,518.64,847,213,,,77,27
Augustinus Hipponensis,De Genesi ad litteram,400.08,4338,2131,,,479,269
Tertullianus,Ad uxorem,202.96,304,135,,,37,15
Eusebius Vercellensis,De Trinitate confessio,302.59,192,67,,,13,9
Augustinus Hipponensis,Contra Julianum,423.15,5048,2455,,,680,293
Cicero,Academica,-45,1426,384,,,92,70
Rufinus Aquileiensis,Commentarius in Symbolum apostolorum,405.2,922,323,,,88,29
Augustinus Hipponensis,Sermones dubii,422.59,2974,1431,,,367,116
Isidorus Hispalensis,Appendix VII: Ad lectorem,601.04,17,5,,,1,0
Evagrius monachus,Sententiae,388.78,316,87,,,8,15
Plinius maior,Naturalis historia,78,24709,8472,,,1946,1275
Cicero,De natura deorum,-44,1587,938,,,180,191
Terentius Afer,Heautontimorumenos,-159.44,1164,377,,,88,57
Fulgentius Ruspensis,Epistolae,505.06,4128,2050,,,489,290
Lactantius,Fragmenta,301.26,16,7,,,1,0
Julius Hilarianus,Expositum de die Paschae et mensis,450,148,65,,,10,9
Cummianus Hibernus,De controversia Paschali,661,204,79,,,23,6
Augustinus Hipponensis,De disciplina Christiana,387.02,401,271,,,67,28
Constans sacerdos,De passione B. Emmerammi martyris,750,68,20,,,5,0
Cyprianus Carthaginensis,Epistolae 2,258,2125,1414,,,386,148
Marius Victorinus,In epistolam Pauli ad Galatas,363.63,1251,684,,,165,79
Caesarius Arelatensis,Opusculum,501.31,47,31,,,2,6
Alcuinus,Contra Felicem Urgellitanum,750.41,2695,934,,,220,115
Gregorius Turonensis,Excerptum,563.92,122,56,,,11,9
Beda,Epistolae,721.18,878,457,,,138,45
Augustinus Hipponensis,De praedestinatione sanctorum,391.3,737,544,,,186,53
Phaedrus,Fabulae Aesopiae,19.91,1105,507,,,88,126
Theodorus Cantuariensis,Poenitentiale,670.39,210,80,,,12,11
Clotarius I Francorum,Constitutio generalis,518.59,16,6,,,1,0
Quodvultdeus,Epistolae,400,73,54,,,14,4
Julianus Toletanus,Apologeticus,682.53,171,47,,,14,5
Dagobertus II Francorum,Praeceptiones ecclesiasticae,688.69,44,24,,,4,6
Augustinus Hipponensis,Adversus Judaeos,412.02,314,148,,,44,7
Hieronymus Stridonensis,Commentaria in Epistolam ad Philemonem,371.58,494,157,,,34,17
Hieronymus Stridonensis,Epistola Pauli ad Galatas,391.58,228,56,,,11,5
Cyprianus Carthaginensis,Epistola de exhortatione martyrii,258,398,173,,,35,21
Paulinus Aquileiensis,Carmen de regula fidei,792.7,53,29,,,4,6
Ausonius Burdigalensis,Periochae in Homeri Iliada et Odysseam,349.83,282,85,,,21,15
Alcuinus,De dialectica,750.84,754,171,,,44,18
Augustinus Hipponensis,De vera religione,397.36,1120,521,,,118,63
Boetius,De persona et naturis duabus,505.12,293,90,,,31,11
Hieronymus Stridonensis,Epistola Joannis I,409.33,194,150,,,34,18
Venantius Fortunatus,Vita S. Medardi,565.95,51,45,,,14,2
Gennadius Massiliensis,Notitia 1,492,2,1,,,0,0
Lactantius,Divinarum institutionum liber III,286.9,1253,597,,,175,33
Cassiodorus Vivariensis; Auctores varii,Variae,517.17,7341,3315,,,629,485
Cicero,Brutus,-46,1829,715,,,182,115
Alcuinus,Confessio fidei,778.78,1549,749,,,214,94
Aristoteles; Boetius,In Categorias Aristotelis,509.29,2805,766,,,129,147
Agobardus Lugdunensis,Liber contra Amalarium,787.89,312,75,,,21,8
Ausonius Burdigalensis,Epicedion in Patrem,334.68,31,26,,,8,5
Mamertus Claudianus,Epistolae,428.7,77,30,,,7,3
Augustinus Hipponensis,De quaestionibus Dulcitii,420.46,378,251,,,63,28
"Claudianus, Claudius",In Eutropium,400.35,509,257,,,35,82
Perpetuus Turonensis,Testamentum,482,52,58,,,32,2
Leo I,Epistolae,458.26,6752,2879,,,718,355
Augustinus Hipponensis,De peccatorum meritis et remissione,377.19,1869,925,,,237,108
Gregorius I,Aliae benedictiones,570.26,685,163,,,35,28
Ennodius Ticinensis,Libellus apologeticus pro synodo,492.4,651,280,,,70,38
Ausonius Burdigalensis,Oratio Consulis Ausonii versibus rhopalicis,384.25,19,4,,,1,2
Augustinus Hipponensis,Annotationes in Job,416.42,2778,792,,,187,97
Columbanus Hibernus,Instructiones,563.59,764,350,,,102,24
Paulinus Aquileiensis,Contra Felicem Urgellitanum,763.43,2105,538,,,172,65
Ennodius Ticinensis,Vita B. Epiphanii,513.05,766,330,,,82,42
Ambrosiaster,Commentaria in Epistolam ad Philippenses,384.0,418,197,,,46,22
Joannes Cassianus,De coenobiorum institutis,429.57,2065,779,,,190,102
Tertullianus,De poenitentia,187.51,353,104,,,46,7
Seneca,Agamemnon,15.29,425,238,,,31,73
"Claudianus, Claudius",De raptu Proserpinae,402.38,499,229,,,20,97
Taio Caesaraugustanus,Epistola,680.73,31,20,,,7,3
Isidorus Hispalensis,Epistolae,600.2,300,174,,,50,26
Ennodius Ticinensis,Petitorium,506.95,21,11,,,2,0
Titus Livius,"Ab Urbe Condita, libri 40-42",5.58,3383,1154,,,256,146
Hilarius Pictaviensis,Liber contra Arianos vel Auxentium,340.52,169,50,,,20,3
Beda,De orthographia,730.6,15,0,,,0,0
Ausonius Burdigalensis,Ephemeris id est totius diei negotium,330.72,96,40,,,9,12
Prosper Aquitanus,Epistola ad Augustinum,408.29,66,50,,,12,11
Beda,Vita metrica S. Cuthberti,704.26,406,176,,,22,52
Cicero,Orationes 6,-72.09,2974,1103,,,306,159
Eutrandus Ticinensis,Chronicon,645,52,11,,,4,0
Plautus,Amphitruo,-224.17,954,336,,,101,48
Boetius,Dialogi in Porphyrium,502.08,1637,451,,,83,56
Titus Livius,"Ab Urbe Condita, libri 21-22",10.65,2031,936,,,197,153
Ambrosius Mediolanensis,Fragmentum,396.36,10,4,,,1,0
Gregorius Turonensis,De miraculis S. Martini,559.07,1872,776,,,179,94
Hieronymus Stridonensis,"Epistulae, Selectiones",407.85,2820,1547,,,367,244
Joannes Cassianus,Flores,432.17,172,44,,,12,3
Marius Victorinus,Hymni,362.63,272,26,,,6,2
Martinus Braccarensis,De moribus,559.32,169,47,,,12,5
Sallustius,Bellum Iugurthinum,-52.54,1081,612,,,102,54
Caesarius Arelatensis,Regula ad monachos,534.62,132,58,,,11,11
Augustinus Hipponensis,De fide rerum quae non videntur,383.25,193,160,,,39,19
Cyprianus Carthaginensis,Epistolae de baptismate haereticorum,258,661,381,,,94,44
Gregorius I,Appendix 2,581.95,46,1,,,0,0
Ausonius Burdigalensis,Mosella,382.01,152,99,,,13,31
Licinianus Carthaginensis,Epistola II,584,167,76,,,13,7
Landericus Parisiensis,Charta,651,34,6,,,3,1
Avitus Viennensis,De Mosaicae historiae gestis,489.82,1194,694,,,78,236
Eugyppius Africae,Epistola dedicatoria,514.82,29,18,,,3,1
Aristoteles; Boetius,Interpretatio Priorum analyticorum Aristotelis,520.13,1367,497,,,129,79
Ambrosius Mediolanensis,De lapsu virginis consecratae,362.5,332,95,,,12,12
Cicero,Epistolae ad Quintum,-52.47,993,658,,,130,116
Ambrosiaster,Commentaria in Epistolam ad Titum,384.0,132,61,,,16,8
Vigilius diaconus,Regula orientalis,520.27,138,104,,,19,14
Boetius,De consolatione philosophiae,498.36,2286,751,,,223,95
Joannes Arelatensis,Epistola,550,7,4,,,0,0
Hieronymus Stridonensis,Synopsis Bibliothecae divinae,394.88,102,42,,,8,8
Hieronymus Stridonensis,Liber Paralipomenon,413.95,2626,801,,,162,74
Augustinus Hipponensis,De excidio urbis,393.83,225,118,,,28,5
Paterius notarius Gregorii I,Prologus,606,18,22,,,5,3
Eusebius Vercellensis,Evangelium,314.39,26272,8408,,,2002,742
Gregorius I,Expositio in psalmos poenitentiales,569.67,3110,1222,,,275,96
Concilia Carthaginensia,Acta,257,1001,295,,,79,26
Paschasius diaconus,De Spiritu Sancto,510.66,850,307,,,87,34
Rufinus Aquileiensis,Historia ecclesiastica,388.14,1147,417,,,112,38
Boetius,De diffinitione,503.42,381,160,,,39,24
Amoenus,Carmen de Aegyptio,490,9,4,,,2,1
Damianus Ticinensis,Epistola,679,63,18,,,2,2
Orosius,De errore Priscillianistarum et Origenistarum,407.63,67,17,,,7,1
Cassiodorus Vivariensis,Expositio in Psalterium,503.89,29985,11103,,,3178,1252
Amoenus,Enchiridion Veteris et Novi Testamenti,490,73,37,,,7,10
Beda,Retractatio in Acta Apostolorum,724.07,925,415,,,106,42
Augustinus Hipponensis,Contra Cresconium grammaticum Donatistam,408.2,2883,1646,,,466,155
Hildefonsus Toletanus,De perpetua virginitate S. Mariae,645.97,1014,513,,,119,49
Seneca maior,Controversiae,26.14,6607,3073,,,692,361
Hieronymus Stridonensis,Epistola Petri I,416.08,144,33,,,8,4
Magnus Senonensis,Libellus de mysterio baptismatis,772.23,42,26,,,7,6
Hilarius Pictaviensis,Epistola seu libellus,344.72,547,219,,,57,21
Ennodius Ticinensis,Benedictio Cerei,495.76,44,14,,,4,4
Ambrosiaster,Commentaria in Epistolam ad Romanos,384.0,3286,1499,,,318,184
Origenes,De incarnatione Verbi,211.94,440,154,,,41,25
Augustinus Hipponensis,Fragmenta sermonum,390.8,592,263,,,67,15
Alcuinus,De caeremoniis baptismi,788.86,20,4,,,0,0
Ambrosius Mediolanensis,De bono mortis,378.82,759,279,,,68,27
Augustinus Hipponensis,De consensu Evangelistarum,379.79,4473,2223,,,537,233
Hieronymus Stridonensis,Dialogus contra Pelagianos,365.62,2480,945,,,240,100
Beda,De arte metrica,707.67,567,255,,,86,39
Concilium Chalcedonense,Definitio fidei,451,118,25,,,5,2
Hildefonsus Toletanus,De viris illustribus,632.12,128,50,,,10,8
Gregorius I,Concordia testimoniorum S. Scripturae,595.07,467,181,,,49,9
Tertullianus,De monogamia,210.63,435,195,,,52,16
Ammianus Marcellinus,Res gestae,378.86,6827,2604,,,699,449
Gennadius Massiliensis,Testimonia,500,6,1,,,0,0
Augustinus Hipponensis,De altercatione Ecclesiae et Synagogae,416.48,319,172,,,38,5
Victorinus Petavionensis,Scholia in Apocalypsin Joannis,250,721,299,,,53,36
Cyprianus Carthaginensis,De lapsis,258,379,159,,,40,15
Constantinus I,Edictum,301.25,16,11,,,4,0
Gregorius I,Hymni,581.21,46,7,,,1,2
Augustinus Hipponensis,Quo genere cultus SS. Martyres venerandi sunt,426.81,29,18,,,5,2
Macarius Nitriensis,Epistola ad monachos,300,49,8,,,3,0
Hieronymus Stridonensis,Epistola Pauli ad Corinthios II,370.05,367,102,,,25,8
Tertullianus,De praescriptionibus adversus haereticos,211.14,764,339,,,117,34
Hilarius Pictaviensis,Liber primus ad Constantium Augustum,333.01,89,37,,,9,5
Amoenus,Acrostichis in Leontium episcopum,490,25,11,,,4,2
Paulinus Nolanus,Excerpta ex operibus deperditis S. Paulini,375.08,46,17,,,3,1
Fredegarius Scholasticus Burgundiae,Fragmenta de historia Francorum,642.47,101,44,,,7,4
Beda,Fragmentum de divisione horae,702.63,3,0,,,0,0
Sozomenus; Socrates; Theodoretus; Cassiodorus Vivariensis,Historia tripartita,555.7,7642,2859,,,691,396
Augustinus Hipponensis,Enarrationes in Psalmos,408.64,35886,15067,,,3893,1414
Beda,In Evangelium S. Marci,710.11,4463,2114,,,519,217
Albericus,Sermo in S. Scholasticam,500,155,70,,,20,8
Venantius Fortunatus,Passio SS. Dionysii Rustici et Eleutherii,588.12,44,35,,,12,6
Augustinus Hipponensis,Retractationes,389.62,1689,721,,,186,93
Hieronymus Stridonensis,Commentaria in Jonam,411.49,881,339,,,89,31
Augustinus Hipponensis,Quaestiones in Heptateuchum,405.8,5945,2923,,,697,336
Ausonius Burdigalensis,Protrepticus ad Nepotem,352.39,42,23,,,3,5
Publius Victor,Descriptio urbis Romae,400,285,48,,,7,5
Hieronymus Stridonensis,De virginitate B. Mariae,369.53,528,209,,,58,30
Augustinus Hipponensis,Sermo I de symbolo,419.24,403,166,,,62,8
Hieronymus Stridonensis,Notitia historica,368.41,6,1,,,0,0
Augustinus Hipponensis,Sermones de Sanctis,391.69,9575,4158,,,1201,327
Beda,De tabernaculo et vestibus sacerdotum,728.88,2101,936,,,252,116
Prosper Aquitanus,De gratia Dei et libero arbitrio voluntatis,412.5,71,35,,,13,2
Plautus,Trinummus,-204.81,960,378,,,93,45
Augustinus Hipponensis,Notitia ex libro II Rectractationum,404.03,8,3,,,1,1
Rufinus Aquileiensis,Apologia ad Anastasium,409.11,59,35,,,14,2
Prosper Aquitanus,Epigramma alterum in obtractorem Augustini,449.81,5,0,,,0,0
Aldhelmus Schireburnensis,De septenario et de metris,690.43,1768,526,,,254,80
Grimlaicus presbyter,Prologus,350,48,23,,,6,3
Aristoteles; Boetius,In librum De interpretatione Aristotelis Minor,502.1,2322,653,,,161,107
Hilarius Arelatensis,Epistola CCXXVI,427.2,103,59,,,19,3
Beda,Vita V sanctorum abbatum,699.9,144,111,,,35,12
Gregorius I,De mortalitate,575.41,29,17,,,5,1
Victor Vitensis,Historia persecutionis Africae provinciae,463.37,1268,487,,,121,47
Tertullianus,De exhortatione castitatis,215.72,268,102,,,34,6
Hieronymus Stridonensis,Libri XII Prophetarum,415.32,2233,556,,,128,45
Rabanus Maurus,Epitaphia,799.99,116,62,,,8,8
Ausonius Burdigalensis,De duodecim Caesaribus,341.66,34,7,,,1,0
Vigilius Tapsensis,Tractatus de fide,490,153,56,,,16,2
Victor Carthaginensis,Epistola,646,34,8,,,2,1
Marcus Cassinensis,Carmen de S. Benedicto,612,31,18,,,2,5
Prosper Aquitanus,De gratia et libero arbitrio,433.57,182,98,,,35,11
Germanus Parisiensis,Epistola,575.26,54,34,,,7,3
Hilarius Pictaviensis,Fragmenta ex opere historico,364.43,1155,540,,,131,45
Paulinus Petricordiensis,De visitatione nepotuli sui,490,32,26,,,2,10
Trojanus Santonensis,Epistola ad Eumerium,540,5,5,,,2,1
Venantius Fortunatus,Vita S. Martini,584.55,734,437,,,76,97
Hieronymus Stridonensis,Evangelium secundum Matthaeum,379.63,1901,695,,,174,41
Paschasius diaconus,Epistola,510.56,21,15,,,6,0
Hieronymus Stridonensis,Apocalypsis Joannis,380.91,679,365,,,65,36
Ausonius Burdigalensis,Commemoratio professorum Burdigalensium,371.9,273,84,,,26,13
Lactantius,Epitome Divinarum institutionum,319.05,1178,602,,,142,41
Augustinus Hipponensis,De fide spe et charitate,384.05,1211,455,,,123,74
Ambrosiaster,Commentaria in Epistolam ad Ephesios,384.0,679,313,,,39,46
Gregorius I,Liber sacramentorum,597.92,3881,1219,,,325,133
Ausonius Burdigalensis,Idyllia,350.52,1054,292,,,51,66
Augustinus Hipponensis,De musica,392.98,2768,1205,,,343,130
Hildefonsus Toletanus,De itinere deserti,662.24,429,142,,,28,17
Prudentius,Peristephanon Liber,377.81,1077,609,,,96,143
Isidorus Hispalensis,Sententiae,585.61,3057,1211,,,325,106
Paulinus Aquileiensis,Hymni et rhythmi,763.53,173,35,,,5,7
Grimlaicus presbyter,Regula solitariorum,350,2339,1006,,,214,117
Hieronymus Stridonensis,Commentaria in Ezechielem,409.28,10189,3851,,,806,498
Paulinus Mediolanensis,Adversus Coelestium,393.52,43,34,,,12,4
Venantius Fortunatus,Vita S. Leobini,569.11,141,74,,,23,20
Augustinus Hipponensis,Collatio cum Maximino episcopo Arianorum,400.27,952,428,,,97,56
Hieronymus Stridonensis,Vita S. Pauli primi eremitae,368.09,205,99,,,30,11
Aldhelmus Schireburnensis,Epistolae,698.85,194,71,,,17,8
Prosper Aquitanus,Contra Collatorem,411.39,783,445,,,117,52
Ausonius Burdigalensis,Epitaphia heroum qui bello Troico interfuerunt,339.98,100,38,,,4,9
Martialis,Epigrammata,61.76,5110,2446,,,555,502
Avitus Viennensis,Fragmenta Libri de divinitate Spiritus Sancti,498.79,20,8,,,0,0
Prosper Aquitanus,Responsiones pro Augustino ad excerpta Genuensium,456.41,227,154,,,50,13
Lactantius,Liber de mortibus persecutorum,305.23,697,341,,,83,20
Carolus Magnus,Fragmentum adversus Sinleum,773.14,5,0,,,0,0
Gregorius Turonensis,Vitae patrum,570.57,1628,754,,,199,82
Proterius Alexandrinus; Dionysius Exiguus,Epistola ad Leonem,512.33,85,30,,,14,0
Taio Caesaraugustanus,Sententiae,636.23,6314,2802,,,650,199
Ambrosiaster,Commentaria in Epistolam ad Colossenses,384.0,446,251,,,45,35
Cyprianus Carthaginensis,Testimonia adversus Judaeos,258,16,11,,,2,0
Vigilius Tapsensis,Contra Marivadum Arianum,490,2760,800,,,161,95
Hieronymus Stridonensis,Liber Jeremiae,400.44,3095,867,,,170,84
Ausonius Burdigalensis,Praefatiunculae,377.72,34,21,,,4,6
Hieronymus Stridonensis,Epistola Pauli ad Titum,394.89,53,15,,,4,1
Beda,Interpretatio artis cantilenae psalterii,704.99,52,13,,,3,2
Faustinus,Fides Faustini,384.27,10,9,,,0,0
Beda,De die judicii,728.08,67,25,,,7,8
Ambrosius Mediolanensis,Epistolarum classis II,363.28,1467,712,,,185,61
Gregorius I,Epistolae,561.68,11210,6021,,,1623,505
Augustinus Hipponensis,Epistolae,416.8,19258,12581,,,3357,1299
Lactantius,Divinarum institutionum liber VII,295.05,982,451,,,120,44
Hieronymus Stridonensis,Liber Psalmorum 2,389.38,9134,1628,,,274,160
Leo I,De haeresi Pelagiana,458.96,599,245,,,77,19
Augustinus Hipponensis,De opere monachorum,404.4,732,388,,,102,38
Terentius Afer,Eunuchus,-162.15,1230,401,,,93,51
Fulgentius Ruspensis,De fide,502.87,615,311,,,67,35
Clotarius III Francorum,Praeceptiones ecclesiasticae,673.87,75,14,,,6,1
Cicero,De divinatione,-44,1534,718,,,163,93
Gregorius I,Liber antiphonarius,567.96,2485,596,,,116,60
Prosper Aquitanus,Responsiones pro Augustino ad capitula objectionum Vincentianarum,441.05,144,63,,,18,9
Venantius Fortunatus,Vita S. Albini,583.94,92,68,,,19,8
Seneca maior,Suasoriae,-16.52,820,354,,,65,63
Boetius,De musica,520.99,2072,508,,,132,78
Seneca,De Ira,31.88,1390,800,,,183,107
Columella,De re rustica,43.87,7575,1912,,,457,241
Alcuinus,Vita S. Willibrodi,748.13,566,226,,,49,37
Hieronymus Stridonensis,Commentaria in Abacuc,407.96,1657,595,,,137,90
Beda,De ratione temporum,720.12,2069,1027,,,277,128
Hieronymus Stridonensis,Epistola Judae,379.72,30,6,,,5,0
Tertullianus,De carne Christi,184.37,708,187,,,64,14
Flavius Lucius Dexter,Chronicon omnimodae historiae,407.3,898,140,,,43,21
Ausonius Burdigalensis,Precationes,368.16,17,7,,,1,1
Eutropius,De octo vitiis,350,94,31,,,6,4
Faustinus,De Trinitate,385.67,1116,476,,,117,54
Columbanus Hibernus,Diplomata,586.15,60,20,,,4,3
Ambrosiaster,Commentaria in Epistolam ad Thessalonicenses Secundam,384.0,124,86,,,22,16
Isidorus Hispalensis,Chronicon,609.51,380,109,,,19,7
Ambrosius Mediolanensis,De Cain et Abel,362.76,1205,560,,,134,73
Leo I,De haeresi et historia Eutychiana,459.11,4576,2159,,,545,297
Augustinus Hipponensis,Soliloquia,409.77,1128,538,,,112,60
Augustinus Hipponensis,Sermo IV de symbolo,399.23,375,207,,,38,22
Marius Aventicensis,Chronicon,564.32,127,29,,,6,1
Egbertus Eboracensis,Poenitentiale,729,598,393,,,81,23
Lupus Trecensis,Epistolae,464.79,41,21,,,6,1
Hieronymus Stridonensis,Epistola Pauli ad Romanos,380.08,665,153,,,44,14
Beda,Quaestiones in Acta Apostolorum,700.46,26,14,,,5,1
Potamius Ulyssiponensis,Tractatus,366,121,53,,,13,7
Aldricus Senonensis,Epistolae,798.89,66,17,,,3,2
Tertullianus,De oratione,191.03,406,164,,,52,13
Aurelius Carthaginensis,Epistola 1,400,6,1,,,0,0
Rabanus Maurus,De vitiis et virtutibus,799.17,1012,468,,,122,76
Rabanus Maurus,Expositiones in Leviticum,799.29,7523,4024,,,823,523
Hieronymus Stridonensis,Commentaria in Matthaeum,396.35,5587,2278,,,563,212
Caesarius Arelatensis,Regula ad virgines,529.72,320,195,,,46,19
Gregorius Turonensis,Libri miraculorum,565.36,2193,933,,,211,95
Marius Victorinus,De generatione Divini Verbi,344.14,502,62,,,27,4
Hieronymus Stridonensis,Epistola Pauli ad Thessalonicenses II,359.65,47,25,,,9,4
Dinothus abbas,Responsio ad Augustinum monachum,600,3,1,,,0,1
Gregorius Nyssenus; Dionysius Exiguus,De creatione hominis,506.8,965,343,,,69,57
Horatius Flaccus,Epistolae,-19.4,524,469,,,104,102
Alcuinus,Commentaria in Apocalypsin,759.86,2069,816,,,184,76
Plautus,Aulularia,-186.74,729,320,,,93,40
Ennodius Ticinensis,Panegyricus Theoderico regi dictus,500.07,458,207,,,43,35
Benedictus Anianensis,De concordia regularum,791.17,6398,2772,,,663,369
Gennadius Massiliensis,Vita I S. Hieronymi,492,136,63,,,20,6
Augustinus Hipponensis,Locutiones in Heptateuchum,372.71,1773,753,,,236,95
Hieronymus Stridonensis,Commentaria in Joelem,371.51,978,418,,,121,49
Augustinus Hipponensis,De Trinitate,412.76,6360,3142,,,694,365
Augustinus Hipponensis,Sermo in circumcisione Domini,406.71,49,38,,,13,7
Boetius,De arithmetica,523.65,1636,544,,,116,51
Augustinus Hipponensis,De beata vita,409.89,531,249,,,68,24
Joannes de Deo,Excerpta ex Poenitentiali Joannis de Deo,800,538,198,,,47,36
Augustinus Hipponensis,De baptismo contra Donatistas,410.16,2703,1551,,,476,129
Maurus Ravennatensis,Epistola,648,18,3,,,2,0
Augustinus Hipponensis,De catechizandis rudibus,405.75,649,410,,,85,51
Petrus Chrysologus,Sermones,419.06,9746,6062,,,1560,775
Coelius Sedulius,Carmen Paschale,342,637,375,,,55,88
Gregorius Turonensis,Fragmenta commentarii in Psalmos,585.57,37,9,,,4,1
Cicero,De Optimo Genere Oratorum,-78.93,130,39,,,8,3
Augustinus Hipponensis,De dono perseverantiae,418.44,866,517,,,169,55
Seneca,De Otio,46.03,105,91,,,21,19
Ausonius Burdigalensis,De Bissula,354.64,21,10,,,2,2
Hieronymus Stridonensis,Liber Job 2,396.31,1325,503,,,100,59
Dionysius Alexandrinus,Epistola II,247.32,171,22,,,5,3
Bulgaranus comes,Epistolae,610,42,27,,,7,5
Tarra monachus,Epistola,600,20,11,,,4,3
Justus Urgellensis,Epistola ad Sergium,540,12,7,,,2,1
Ausonius Burdigalensis,Eclogarum liber,382.2,208,88,,,10,30
Eugenius III Toletanus,Epistolae,657,111,81,,,21,9
Seneca,Hercules Furens,15.7,590,343,,,44,90
Lactantius,Divinarum institutionum liber II,283.78,951,431,,,109,32
Ausonius Burdigalensis,Parentalia,360.03,143,86,,,13,21
Ambrosius Mediolanensis,Fragmentum ex Theodoreto desumptum,369.33,33,3,,,1,0
Ambrosiaster,Commentaria in Epistolam ad Corinthios Secundam,384.0,1561,782,,,194,87
Ambrosius Mediolanensis,De viduis,396.14,656,311,,,69,34
Caesarius Arelatensis,Appendix,510.27,301,171,,,40,15
Rusticus Helpidius,Carmen de Christi Jesu beneficiis,520,40,25,,,2,4
Victorinus Petavionensis,Fragmentum de fabrica mundi,250,75,36,,,11,2
Augustinus Hipponensis,Sermo III de symbolo,410.27,338,162,,,33,16
Hieronymus Stridonensis,Commentaria in Abdiam,366.67,507,199,,,48,21
Augustinus Hipponensis,Contra Maximinum episcopum Arianorum,390.2,2006,855,,,227,100
Rufinus Aquileiensis,De benedictionibus patriarcharum,384.6,464,183,,,49,11
Fulgentius Ruspensis,De remissione peccatorum,525.4,981,464,,,119,65
Alcuinus,Commentaria super Ecclesiasten,755.41,1311,636,,,117,98
Augustinus Hipponensis,Epistola CCVII,408.66,11,14,,,4,2
Agobardus Lugdunensis,Liber contra judicium dei,790.43,393,200,,,48,20
Ausonius Burdigalensis,Genethliacon ad Ausonium Nepotem,343.99,10,4,,,0,1
Hieronymus Stridonensis,Commentaria in Danielem,363.9,2160,853,,,186,106
Augustinus Hipponensis,Additamentum,382.84,21,6,,,2,2
Venantius Fortunatus,Vita S. Germani,552.68,436,175,,,42,29
Alcuinus,In Cantica canticorum,752.24,763,223,,,45,33
Vincentius Lirinensis,Commonitoria,441.82,574,235,,,65,38
Plautus,Menaechmi,-232.0,1061,377,,,114,34
Laurentius Novariensis,Homiliae,540,1492,507,,,124,63
Cornelius Nepos,Vitae,-48.36,1636,1114,,,196,160
Ennodius Ticinensis,Carmina,495.94,1134,522,,,75,136
Horatius Flaccus,Carmina,-12.1,696,442,,,61,167
Marius Victorinus,De physicis,313.72,435,186,,,50,21
Isidorus Pacensis,Chronicon,750,407,130,,,35,14
Ambrosius Mediolanensis,De poenitentia,390.47,1268,661,,,168,55
Donatus Vesontionensis,Regula ad virgines,651,486,243,,,48,29
Ausonius Burdigalensis,De Herediolo,328.91,16,12,,,4,0
Hilarius Pictaviensis,Liber contra Constantium,362.95,454,169,,,53,7
Augustinus Hipponensis,Opus imperfectum contra secundam responsionem Juliani,422.61,12010,5392,,,1452,697
"Claudianus, Claudius",Epithalamium de nuptiis Honorii Augusti,390.87,165,91,,,16,34
Ausonius Burdigalensis,Tetrasticha,381.56,67,24,,,5,2
Felix Urgellensis,Confessio fidei,794,97,22,,,8,3
Constantinus I,Epistolae,309.2,302,113,,,22,14
Eucherius Lugdunensis,Formulae spiritalis intelligentiae,413.91,1903,275,,,49,22
Ovidius Naso,Medicamina faciei femineae,-2.84,54,22,,,1,11
Beda,De ratione computi,706.64,506,161,,,33,24
Beda,De celebratione Paschae,697.53,99,48,,,15,5
Augustinus Hipponensis,Contra duas epistolas Pelagianorum,391.39,1891,821,,,217,89
Elipandus Toletanus,Epistolae,779.99,557,205,,,44,35
Ambrosius Mediolanensis,De excidio urbis Hierosolymitanae,394.36,6039,2677,,,526,239
Augustinus Hipponensis,Regula,415.71,134,67,,,16,13
Ausonius Burdigalensis,Epigrammata,362.08,494,146,,,32,24
Maximus Taurinensis,Sermones,420,4985,1992,,,521,220
Hieronymus Stridonensis,Epistola Pauli ad Timotheum I,403.53,130,40,,,11,5
Ambrosius Mediolanensis,Enarrationes in XII psalmos Davidicos,378.24,7771,3075,,,812,283
Ambrosius Mediolanensis,Expositio in psalmum David CXVIII,367.96,10060,4004,,,958,356
Beda,Hymni XIII,718.85,475,176,,,30,42
Seneca maior,Excerpta Controversiae,-25.22,2388,1238,,,275,136
Julianus Toletanus,De comprobatione sextae aetatis,665.45,1104,406,,,120,42
Prosper Aquitanus,Epistola CCXXV,410.19,64,49,,,14,9
Hieronymus Stridonensis,Liber Ezrae,373.19,864,313,,,66,27
Alcuinus,De processione Spiritus Sancti,775.99,428,196,,,65,18
Fredegarius Scholasticus Burgundiae,Chronicum,614.02,1162,502,,,162,29
Prosper Aquitanus,Responsiones ad excerpta Genuensium,461.72,228,152,,,54,11
"Statius, Publius Papinius",Thebais,58.98,3556,2133,,,360,572
Titus Livius,"Ab Urbe Condita, libri 05-7",-33.9,2280,1172,,,221,169
Rufinus Aquileiensis,Apologia in Sanctum Hieronymum,363.34,1449,852,,,269,76
Vigilius diaconus,Regula monachorum sive Regula orientalis,543.26,137,105,,,20,14
Candidus Fuldensis,Vita S. Eigilis,800,317,148,,,46,15
Augustinus Hipponensis,De Genesi contra Manichaeos,377.67,1103,555,,,117,76
Augustinus Hipponensis,Enarrationes in Psalmos [2],381.62,32852,14385,,,3717,1294
Martinus Braccarensis,Exhortatio humilitatis,539.06,86,38,,,14,0
Prosper Aquitanus,Responsiones ad capitula Gallorum,409.84,255,140,,,51,6
Ambrosius Mediolanensis,De fide,371.16,2432,925,,,251,66
Ambrosiaster,Commentaria in Epistolam ad Timotheum Secundam,384.0,310,162,,,31,22
Augustinus Hipponensis,De diversis quaestionibus ad Simplicianum,379.57,1032,507,,,157,36
Cassiodorus Vivariensis,De subsequente opere,546.97,10,6,,,4,0
Ausonius Burdigalensis,Epistolae,335.59,686,202,,,48,33
Isidorus Hispalensis,De fide Catholica,588.52,1809,718,,,186,64
Ambrosius Mediolanensis,De virginibus,380.87,493,212,,,57,22
Beda,De natura rerum,702.59,267,59,,,10,13
Augustinus Hipponensis,Quaestiones Evangeliorum,414.6,945,429,,,92,55
Cicero,Orationes 4,-64.57,3362,2070,,,542,239
Fulgentius Ruspensis,Instrumenta fidei,499.56,2151,871,,,179,125
Tertullianus,Adversus Marcionem,184.73,5559,2218,,,646,220
Augustinus Hipponensis,Epistola ad Catholicos sive De unitate ecclesiae,416.99,1296,628,,,192,71
Isidorus Hispalensis,De natura rerum,585.11,776,229,,,35,28
Candidus Fuldensis,Epistola,800,118,84,,,28,7
Concilium Turonense,Acta,567,33,28,,,11,0
Celsus,De Medicina,49.1,208,98,,,18,8
Cicero,Lucullus,-79.53,1251,506,,,103,98
Beda,De muliere forti,718.49,241,130,,,29,11
Hieronymus Stridonensis,Commentaria in Epistolam ad Ephesios,396.13,2953,1016,,,209,135
Egbertus Eboracensis,De remediis peccatorum,729,266,76,,,25,5
Orosius,Commonitorium ad Augustinum,406.33,72,17,,,7,1
Arnobius junior,Commentarii in Psalmos,460,7483,3133,,,602,377
Seneca,De Vita Beata,54.13,439,310,,,63,51
Tertullianus,Scorpiace adversus Gnosticos,193.45,523,221,,,67,16
Augustinus Hipponensis,Notitia,399.43,19,7,,,0,3
Eucherius Lugdunensis,Passio Agaunensium martyrum,428.83,85,48,,,19,1
Minucius Felix,Octavius,200,680,328,,,87,43
Beda,De ordinatione feriarum Paschalium,716.47,78,19,,,4,3
Avitus presbyter,Epistola ad Palchonium,400,13,10,,,2,0
Hieronymus Stridonensis,Liber Levitici,360.69,1137,496,,,75,58
Benedictus Nursiae,Opuscula,498.94,44,12,,,2,4
Aldhelmus Schireburnensis,Fragmentum de die judicii,688.04,54,21,,,3,8
Ausonius Burdigalensis,Versus Paschales Pro Augusto Dicti,393.9,9,4,,,0,2
Beda,In Evangelium S. Lucae,730.21,8653,4043,,,1017,395
Ethelbertus Anglorum,Decretum,582.01,91,32,,,3,2
Cassiodorus Vivariensis,De artibus et disciplinis liberalium litterarum,504.38,1697,418,,,118,61
Patricius Hiberniae,De tribus habitaculis,450,154,64,,,7,9
Ambrosiaster,Commentaria in Epistolam ad Thessalonicenses Primam,384.0,255,140,,,31,11
Warnaharius Lingonensis,Acta martyrum Tergeminorum,615,172,53,,,9,8
Venantius Fortunatus,Vita S. Paterni,583.06,86,71,,,18,12
Seneca,Phoenissae,39.63,309,208,,,35,44
Novatianus,De trinitate,260,1305,559,,,110,63
Hieronymus Stridonensis,Liber Numerorum,377.9,1861,603,,,100,63
"Claudianus, Claudius",Panegyricus de quarto consulatu Honorii Augusti,401.83,274,156,,,20,47
Sidonius Apollinaris,"Epistulae, libri 1-7",448.96,1245,841,,,224,127
Justus Urgellensis,Explicatio in Cantica canticorum,540,905,298,,,75,28
Columbanus Hibernus,Epistolae,578.19,490,254,,,66,37
Venantius Fortunatus,Carmen de Pascha,556.48,59,32,,,4,2
Eucherius Lugdunensis,De laude eremi,437.3,251,118,,,29,10
Suetonius,De Vita Caesarum,101.79,3069,1712,,,354,243
Liberatus Carthaginensis,Breviarium causae Nestorianorum et Eutychianorum,556,777,375,,,112,47
Cassiodorus Vivariensis,De orthographia,549.81,694,372,,,168,32
Seneca,Phaedra,61.19,571,315,,,36,93
Ambrosius Mediolanensis,De Jacob et vita beata,386.45,1054,454,,,86,52
Paulinus Mediolanensis,Vita Sancti Ambrosii,401.12,326,183,,,44,20
Vigilius Tapsensis,Opusculum I,490,711,231,,,75,29
Hilarius Pictaviensis,Commentarius in psalmos XV XXXI XLI,334.22,546,216,,,54,25
Hieronymus Stridonensis,De viris illustribus,375.43,1081,363,,,117,29
Vigilius Tapsensis,Contra Palladium Arianum,490,1129,324,,,83,25
Hieronymus Stridonensis,Praefatio in libros Salomonis,379.8,22,11,,,4,1
Augustinus Hipponensis,De duabus animabus,418.29,394,166,,,44,17
Augustinus Hipponensis,Notitia ex libro II Retractationum,414.91,9,3,,,1,0
Angilbertus Centulensis,De restauratione monasterii Centulensis,775.23,69,18,,,7,2
Plautus,Miles Gloriosus,-217.99,1258,510,,,134,62
Hieronymus Stridonensis,Liber Deuteronomii,400.5,1660,863,,,163,70
Hieronymus Stridonensis,Vita S. Hilarionis,402.37,490,210,,,54,14
Julianus Pomerius,De vita contemplativa,472.32,1410,961,,,325,82
Hieronymus Stridonensis,Epistola Pauli ad Ephesios,391.59,145,46,,,6,6
Fulgentius Ruspensis,Pro fide Catholica,484.3,425,134,,,39,14
Ambrosius Mediolanensis,De incarnationis Dominicae sacramento,370.21,736,328,,,99,25
Marius Victorinus,De verbis Scripturae,350.42,141,47,,,5,10
Lactantius,Liber de ira Dei,269.03,753,330,,,86,32
Hieronymus Stridonensis,Evangelium secundum Marcum,383.09,1214,480,,,106,34
Nicetas Aquileiensis,De diversis appellationibus D. N. Jesu Christo convenientibus,403.21,62,19,,,3,2
Martinus Braccarensis,Formula honestae vitae,569.04,179,79,,,24,7
Isidorus Hispalensis,Regula monachorum 1,631.92,264,145,,,37,15
Hieronymus Stridonensis,Praefatio in Pentateuchum,362.42,43,22,,,7,1
Gennadius Massiliensis,De scriptoribus ecclesiasticis cap. 17,492,13,5,,,0,0
"Statius, Publius Papinius",Achilleis,68.27,430,280,,,32,86
"Claudianus, Claudius",De bello Gildonico,397.13,265,126,,,13,45
Autbertus Cameracensis,Charta de monasterio Wallarensi,640,9,8,,,4,0
Agobardus Lugdunensis,Epistola ad Bartholomeum de quorumdam inclusione signorum,787.68,115,56,,,26,7
Augustinus Hipponensis,Sermones inediti,377.26,4759,2102,,,701,136
Agobardus Lugdunensis,Deploratoria de injustiis,789.76,31,18,,,4,4
Primasius Adrumetanensis,Praefatio,560,51,19,,,7,0
Isidorus Hispalensis,Allegoriae sacrae Scripturae,602.1,295,179,,,34,23
Ambrosius Mediolanensis,De interpellatione Job et David,396.32,1533,595,,,154,48
Titus Livius,"Ab Urbe Condita, libri 26-27",8.28,2490,919,,,176,149
Beda,Martyrologium poeticum,714.0,67,15,,,5,5
Aldhelmus Schireburnensis,De laudibus virginitatis,700.14,567,235,,,80,26
Ethelbertus Anglorum,Donationes,579.79,49,17,,,6,3
Hieronymus Stridonensis,Commentaria in Michaeam,360.39,885,347,,,85,27
Hieronymus Stridonensis,Epistolae,400.89,21434,9124,,,2439,879
Hieronymus Stridonensis,Commentaria in Osee,396.19,2207,927,,,212,88
Nicetas Aquileiensis,De ratione fidei,359.11,96,35,,,8,5
Augustinus Hipponensis,De cantico novo,373.45,294,124,,,25,16
Titus Livius,"Ab Urbe Condita, libri 31-34",-17.25,2525,1500,,,307,217
Terentius Afer,Phormio,-163.77,1194,331,,,76,50
Hieronymus Stridonensis,Liber Exodi,399.91,1996,755,,,122,93
Eucherius Lugdunensis,Exhortatio ad monachos,448.07,87,37,,,7,2
Alcuinus,Epistola,787.53,90,20,,,5,3
Alcuinus,De rhetorica et virtutibus,756.06,796,295,,,63,32
Boetius,Confessio fidei,520.16,66,42,,,16,3
Hieronymus Stridonensis,Epistola Pauli ad Thessalonicenses I,406.93,104,46,,,14,4
Sidonius Apollinaris,"Epistolae, libri 8-9",466.48,612,324,,,91,42
Alcuinus,Contra Elipandum,750.16,860,385,,,92,52
Commodianus Gazaeus,Instructiones adversus deos gentium,250,873,262,,,69,31
Luculentus,Commentarii,550,1876,601,,,121,74
Tertullianus,De Spectaculis,197.46,380,157,,,48,14
Nicetius Trevirensis,Opuscula,537.36,200,78,,,17,8
Tertullianus,De idololatria,228.97,524,163,,,52,10
Philo Judaeus; Hieronymus Stridonensis; Auctor incertus,Liber nominum Hebraicorum,392.95,204,2,,,1,0
Boetius,De disciplina scholarium,501.14,354,121,,,30,22
Cyprianus Carthaginensis,De idolorum vanitate,258,120,67,,,17,7
Boetius,De divisione,505.12,364,95,,,16,25
Gregorius I,Prolegomena,597.49,1232,365,,,93,29
Vergilius Maro,Ecloga,-35.83,429,219,,,38,53
Ambrosius Mediolanensis,De benedictionibus patriarcharum,379.63,514,176,,,25,22
Cyprianus Carthaginensis,De bono patientiae,258,225,116,,,29,8
Gregorius I,Appendix ad Librum sacramentorum,573.99,500,174,,,52,19
Apuleius,Metamorphoses,178.25,2517,1130,,,230,214
Orosius,De arbitrii libertate,407.01,1075,353,,,110,39
Hieronymus Stridonensis,Epistola Pauli ad Colossenses,366.3,102,33,,,6,7
Ausonius Burdigalensis,Griphus Ternarii numeri,349.56,64,36,,,6,12
Florus,Epitome Rerum Romanorum,120,2074,719,,,177,85
Faustus Rhegiensis,De gratia Dei et libero arbitrio,478.2,1479,617,,,170,60
Jonas Aurelianus,De cultu imaginum,779.77,1521,768,,,239,71
Licinianus Carthaginensis,Epistola I,584,68,37,,,8,1
Marius Victorinus,Adversus Arium,329.23,3414,799,,,171,91
Patricius Hiberniae,Epistola ad Coroticum,450,95,49,,,10,7
Ambrosius Mediolanensis,Apologia altera prophetae David,372.24,790,329,,,97,28
Aldhelmus Schireburnensis,De octo principalibus vitiis,662.15,109,58,,,8,18
Augustinus Hipponensis,De quatuor virtutibus charitatis,426.05,152,140,,,23,29
Hieronymus Stridonensis,Commentaria in Zachariam,392.15,3315,1204,,,327,141
Cassiodorus Vivariensis,De anima,546.82,650,281,,,61,33
Augustinus Hipponensis,Expositio inchoata Epistolae ad Romanos,414.6,351,173,,,46,23
Eucherius Lugdunensis,Homiliae,406.68,659,371,,,90,51
Isidorus Hispalensis,Differentiae,633.68,2386,467,,,125,45
Cyprianus Carthaginensis,De unitate ecclesiae,258,325,170,,,47,21
Aristoteles; Boetius,Interpretatio Posteriorum analyticorum Aristotelis,500.36,884,387,,,107,70
Boetius,Quomodo substantiae bonae sint,514.07,74,14,,,0,5
Hieronymus Stridonensis,Praefatio in Evangelia,390.03,48,16,,,4,1
Montanus Toletanus,Epistolae,533.73,63,33,,,12,2
Paulinus Aquileiensis,Sacrosyllabus contra Elipandum,787.52,264,98,,,26,10
Isidorus Hispalensis,Synonyma de lamentatione animae peccatricis,605.31,810,402,,,79,26
Aimoinus Sangermanensis,De translatione SS. martyrum,800,380,136,,,45,13
Hieronymus Stridonensis,Chronicon S. Hieronymi,398.66,198,38,,,12,1
Beda,Allegorica interpretatio in Tobiam,712.75,299,165,,,52,15
Tertullianus,De patientia,229.19,337,142,,,40,14
Cicero,Paradoxa stoicorum ad M. Brutum,-78.61,261,135,,,37,18
Cyprianus Carthaginensis,De habitu virginum,258,255,109,,,30,11
Tertullianus,Ad martyres,200.05,108,40,,,8,4
Hieronymus Stridonensis,Epistola Joannis III,395.21,23,9,,,2,2
Faustus Rhegiensis,Epistolae,480.62,658,322,,,104,29
Tertullianus,De testimonio animae,184.04,145,76,,,29,5
Pachomius; Hieronymus Stridonensis,Regula S. Pachomii,417.95,472,296,,,74,30
Hieronymus Stridonensis,Epistola Pauli ad Hebraeos,378.34,409,132,,,22,21
Faustinus,Homilia de passione Domini,385.71,57,20,,,4,5
Benedictus Anianensis,Praefatio,768.35,17,10,,,2,1
Paulinus Aquileiensis,Epistola ad Carolum Magnum,781.96,43,23,,,6,4
Benedictus Anianensis,Opuscula,766.92,1122,318,,,70,38
Ausonius Burdigalensis,Eclogarium,381.68,224,54,,,6,16
Hieronymus Stridonensis,Epistola Pauli ad Philemonem,388.99,26,10,,,1,0
Hildefonsus Toletanus,De cognitione baptismi,646.54,1258,489,,,102,65
Magnus Senonensis,Notae juris,799.3,121,8,,,2,1
Novatianus,Epistola ad S. Cyprianum,260,67,37,,,8,4
Clodoveus I Francorum,Praeceptum,489.61,11,2,,,1,0
Cyprianus Carthaginensis,De mortalitate,258,211,154,,,37,18
Constantinus I,Conciones,336.51,972,204,,,35,34
Concilium Carthaginense,Acta,525,73,47,,,16,1
Nicetius Trevirensis,Epistolae,535.81,144,58,,,18,2
Seneca,Octavia,53.71,370,244,,,20,90
Cicero,De Republica,-51,847,584,,,147,85
Augustinus Hipponensis,Contra epistolam Parmeniani,372.35,1379,825,,,249,76
Ambrosius Mediolanensis,De virginitate,372.24,1016,458,,,106,45
Ausonius Burdigalensis,Ordo nobilium urbium,327.9,101,21,,,3,8
Gregorius I,Dialogi,603.86,4983,1418,,,342,86
Eleutherius Tornacensis,Sermones,514.16,500,171,,,47,16
Flavius Lucius Dexter,In prophetiam Danielis de quatuor animalibus,420.52,362,162,,,45,17
Dionysius Exiguus,De paschate,492.75,175,56,,,21,4
Plautus,Pseudolus,-218.98,1150,357,,,106,33
Beda,Allegorica expositio in Canticum Habacuc,692.35,320,159,,,37,20
Victor Capuanus,Fragmentum,550,5,4,,,1,0
Augustinus Hipponensis,De fide et operibus,382.71,556,371,,,94,37
Boetius,De differentiis topicis,514.47,1059,303,,,65,53
Caesarius Arelatensis,Sermo ad sanctimoniales,512.29,85,32,,,7,2
Basilius Caesareae,Regula S. Basilii,360.93,1720,770,,,174,99
Julianus Toletanus,Historia rebellionis Pauli,672.82,934,392,,,77,31
Eigil Fuldensis,Vita S. Sturmii,783.73,313,182,,,39,21
Ambrosiaster,Commentaria in Epistolam ad Galatas,384.0,900,420,,,68,47
Prosper Aquitanus,Epigrammata ex sententiis Augustini,443.3,761,352,,,71,55
Hilarius Pictaviensis,Liber de synodis seu fide orientalium,354.58,1050,318,,,82,31
Crisconius Africanus,Breviarium canonicum,750,1982,997,,,268,119
Sulpicius Severus,Chronici,413.42,1704,617,,,151,23
Ambrosiaster,Commentaria in Epistolam ad Philemonem,384.0,59,25,,,4,3
Paulinus Aquileiensis,Exhortatio sive De salutaribus documentis,793.71,1045,399,,,81,42
Bonifacius Moguntinus,Vita,702.48,267,87,,,27,13
Plautus,Captivi,-232.92,788,288,,,70,51
Gregorius Turonensis,Historia Francorum,590.74,8114,3301,,,958,194
Augustinus Hipponensis,Contra Sermonem Arianorum,388.98,644,242,,,71,46
Sidonius Apollinaris,Carmina,460.31,859,809,,,129,246
Victor Tununensis,Chronicon,555,387,95,,,32,4
Palladius Helenopolitanus,Historia Lausiaca,386.89,3095,1687,,,288,281
Ambrosius Mediolanensis,De obitu Theodosii oratio,369.93,446,217,,,63,18
Horatius Flaccus,De Arte Poetica,-18.4,186,134,,,25,38
Seneca,Apocolocyntosis,29.86,272,136,,,29,18
Ovidius Naso,Remedia amoris,15.4,522,223,,,52,41
Iulius Caesar,De bello Gallico,-64.08,2288,1760,,,339,264
Hieronymus Stridonensis,Evangelium secundum Joannem,395.95,1725,845,,,185,60
Petrus archidiaconus,Quaestiones in Danielem,750,296,157,,,29,26
Tertullianus,De jejuniis,175.17,295,115,,,28,13
Rabanus Maurus,Commentaria in Exodum,798.2,6116,2684,,,580,298
Ambrosius Mediolanensis,De Isaac et Anima,366.1,912,352,,,83,38
Auctores varii; Dionysius Exiguus,Codex canonum ecclesiasticorum,489.15,1955,837,,,302,69
Apuleius,Apologia,152.52,1068,574,,,165,48
Horatius Flaccus,Satyrarum libri,-8.98,1034,550,,,128,120
Aimoinus Sangermanensis,De translatione S. Vincentii Martyris,800,292,109,,,31,5
Seneca,De Providentia,27.04,271,197,,,37,29
Eucherius Lugdunensis,Instructiones,434.23,1652,361,,,95,27
Victor Carthaginensis,Epistola IV,646,61,8,,,2,1
Gregorius Nyssenus; Dionysius Exiguus,Epistola ad Petrum,538.68,17,9,,,1,2
"Claudianus, Claudius",Panegyricus de sexto consulatu Honorii Augusti,397.2,224,130,,,15,47
Tertullianus,Apologeticus adversus gentes,202.27,1321,588,,,195,42
Augustinus Hipponensis,De sancta virginitate,415.85,764,434,,,117,50
Augustinus Hipponensis,Contra epistolam Manichaei,396.54,754,428,,,117,48
Evantius Troclariensis,Epistola,750,59,34,,,8,5
Augustinus Hipponensis,Dictum Rheticii de baptismo,402.76,3,0,,,0,0
Cicero,Petitio consulatus,-76.42,165,136,,,26,24
Agobardus Lugdunensis,De privilegio et jure sacerdotii,788.15,287,136,,,29,23
Augustinus Hipponensis,De cura pro mortuis gerenda,396.52,317,252,,,57,29
Germanus Parisiensis,Privilegium,573.55,26,10,,,1,2
Eugenius III Toletanus,Praefatio,657,233,98,,,14,19
Germanus Parisiensis,Expositio brevis liturgiae Gallicanae,575.37,225,86,,,16,16
Titus Livius,"Ab Urbe Condita, libri 03-4",-8.61,2229,971,,,207,153
Hieronymus Stridonensis,Vita Malchi monachi captivi,374.91,153,92,,,19,5
Augustinus Hipponensis,De diversis quaestionibus,413.63,2125,844,,,214,90
Alcuinus,Epistolae,753.85,7086,3092,,,732,459
Augustinus Hipponensis,Contra Gaudentium,413.02,1029,623,,,160,45
Augustinus Hipponensis,De sequentibus libris,424.94,2,1,,,0,0
Drepanius Florus,Psalmi et hymni,350,150,61,,,6,18
Aldhelmus Schireburnensis,De aris B. Mariae,678.59,87,43,,,8,16
Hieronymus Stridonensis,Dialogus contra Luciferianos,419.19,664,266,,,89,10
Valerianus Cemeliensis,Epistola ad monachos,450,28,5,,,2,0
Joannes Biclarensis,Chronicon,600,144,69,,,13,9
Cyprianus Carthaginensis,De laude martyrii,258,226,138,,,24,26
Ambrosius Mediolanensis,De Elia et jejunio,368.27,908,292,,,63,31
Leo I,Sermones inediti,460.29,105,47,,,11,8
Prosper Aquitanus,Carmen de ingratis,449.25,417,204,,,48,37
Facundus Hermianensis,Contra Mocianum,570.44,169,108,,,34,10
Horatius Flaccus,Carmen Saeculare,-36.25,15,10,,,2,5
Paulus Vinfridus,De gestis Langobardorum,757.48,2131,953,,,238,64
Facundus Hermianensis,Pro defensione trium capitulorum,565.01,5175,2650,,,707,370
Ovidius Naso,Fasti,-20.77,2442,1470,,,183,337
"Claudianus, Claudius",Carminum minorum corpusculum,394.6,591,337,,,37,113
Avitus Viennensis,Homilia de rogationibus,483.64,90,40,,,13,2
Primasius Adrumetanensis,Commentaria in Apocalypsim,560,3563,1470,,,384,179
Mamertus Claudianus,Hymnus de passione Domini,465.56,14,5,,,0,0
Amandus Trajectensis,Chartae,679,34,20,,,10,2
Hieronymus Stridonensis,Excerpta de aliquot Palestinae locis,381.35,124,34,,,9,6
Paulus Emeritanus,De vita patrum Emeritensium,610,379,342,,,92,31
Leo I,Epistola LXXXVIII,458.4,13,6,,,3,0
Isidorus Hispalensis,De viris illustribus,612.98,200,95,,,31,8
Faustinus; Marcellinus,Adversus Damasum libellus precum ad imperatores,385.75,500,265,,,80,19
Augustinus Hipponensis,De sermone Domini in monte,410.62,1851,1119,,,275,134
Prudentius,Epilogus,383.46,11,1,,,0,0
Caesarius Arelatensis,Sermones,516.76,1187,539,,,107,48
Alcuinus,Enchiridion,756.02,2035,681,,,145,78
Augustinus Hipponensis,Sermones 2,390.12,259,99,,,33,8
Augustinus Hipponensis,De gestis Pelagii,419.6,807,452,,,132,35
Ambrosius Mediolanensis,De fuga saeculi,372.81,714,280,,,63,20
Carolus Magnus,Privilegia,764.64,1629,598,,,214,70
Plautus,Mercator,-233.75,956,374,,,111,41
Ambrosius Mediolanensis,De paradiso,364.9,1069,447,,,118,36
Hildefonsus Toletanus,De scriptis virorum illustrium,628.77,1,1,,,0,0
Iulius Caesar,De bello civili,-55.84,1526,1117,,,224,135
Aldhelmus Schireburnensis,De laudibus virginum,708.24,693,344,,,41,127
Ennodius Ticinensis,Dictio in natali Laurentii,509.68,26,13,,,2,2
Gregorius I,Commentarii in librum I Regum,601.23,8463,3512,,,872,225
Cornelius Celsus,De medicina - Ed. Marx,12.29,5556,1877,,,457,103
Pontius diaconus,De vita et passione Cypriani,250,292,104,,,30,4
Venantius Fortunatus,Vita S. Marcelli,552.78,129,67,,,13,10
Beda,Historiam ecclesiasticam gentis Anglorum,713.77,3540,2028,,,657,123
Bonifacius Moguntinus,Sermones,706.17,572,319,,,64,39
Pachomius; Hieronymus Stridonensis,Epistolae et verba mystica,394.77,438,191,,,43,17
Marius Victorinus,In epistolam Pauli ad Philippenses,316.09,1038,551,,,117,83
Vigilius Tapsensis,Contra Eutychetem,490,191,81,,,23,7
Augustinus Hipponensis,Contra Judaeos paganos et Arianos,391.45,560,193,,,36,39
Venantius Fortunatus,Vita S. Remigii,600.64,49,32,,,7,2
Augustinus Hipponensis,Contra adversarium legis et prophetarum,384.77,1454,726,,,209,78
Paulus Vinfridus,Homiliae,785.33,353,135,,,29,15
Gregorius I,Appendix 1,571.66,325,103,,,25,10
Faustus Rhegiensis,Sermones,465.4,427,214,,,47,25
Isidorus Hispalensis,Prooemia in libros Veteris ac Novi Testamenti,584.2,283,93,,,24,4
Alcuinus,De fide S. Trinitatis,756.23,1132,351,,,74,66
"Claudianus, Claudius",De consulatu Stilichonis,395.98,454,283,,,35,95
Boetius,Speculatio de rhetoricae cognatione,499.26,118,36,,,10,9
Sisebutus,Vita S. Desiderii,621,94,72,,,16,11
Tertullianus,De baptismo,188.32,292,110,,,41,8
Vigilius Tapsensis,Dialogus contra Arianos,490,559,206,,,52,12
Prudentius,Peristephanon,385.76,1601,524,,,103,94
Tertullianus,De cultu feminarum,200.67,323,132,,,52,6
Petronius,"Satyricon, Fragmenta, et Poemata",36.52,2744,1449,,,259,222
Augustinus Hipponensis,De utilitate jejunii,403.36,354,165,,,35,10
Patricius Hiberniae,Confessio,450,276,184,,,43,21
Beda,In Evangelium S. Matthaei,731.15,3273,1479,,,353,159
Hieronymus Stridonensis,Commentarius in Ecclesiasten,384.09,2372,843,,,187,91
Coelius Sedulius,Carmen de incarnatione,342,63,30,,,6,5
Rusticus diaconus,Disputatio contra Acephalos,549,1974,516,,,138,72
Sulpicius Severus,Epistolae 2,395.84,23,9,,,2,5
Orsiesius,Doctrina atque tractatus,366.98,695,353,,,71,40
Tertullianus,Apologeticum,209.84,1231,494,,,145,57
Beda,Quaestiones in libros Regum,724.32,434,215,,,53,27
Hilarius Pictaviensis,Epistola ad Abram,359.74,83,54,,,14,3
Hieronymus Stridonensis,Liber Ruth,366.84,181,74,,,17,6
Augustinus Hipponensis,Contra Litteras Petiliani,408.22,3368,1950,,,480,198
Augustinus Hipponensis,De libero arbitrio,417.76,2002,1177,,,292,110
Evagrius monachus,Altercatio,423.44,488,181,,,52,10
Beda,Kalendarium Anglicanum,700.57,425,29,,,1,12
Hieronymus Stridonensis,Commentaria in Sophoniam,361.55,1144,429,,,89,49
Augustinus Hipponensis,Excerptum de Manichaeis,418.45,85,37,,,8,2
Titus Livius,"Ab Urbe Condita, libri 43-45",-13.22,2633,935,,,215,106
Ausonius Burdigalensis,Commemoratio professorum Burdigalensium,370.3,25,21,,,4,3
Paulus Vinfridus,De ordine episcoporum Metensium,792.8,373,191,,,42,28
Ausonius Burdigalensis,Cento Nuptialis,372.69,104,51,,,13,9
Hieronymus Stridonensis,Epistola Pauli ad Philippenses,377.42,119,43,,,10,4
Avitus Viennensis,Fragmenta,510.96,661,244,,,80,24
Martinus Braccarensis,Varii versus,539.95,13,6,,,1,3
Venantius Fortunatus,Exemplar symboli Athanasiani,575.2,35,10,,,5,3
Capreolus Carthaginensis,Epistolae,437.69,335,109,,,26,11
Ausonius Burdigalensis,Actio gratiarum ad imperatorem,374.77,324,115,,,41,6
Desiderius Cadurcensis,Epistolae,651,294,132,,,42,16
Leo Senonensis,Epistola ad Childebertum,548,14,6,,,2,0
Ausonius Burdigalensis,Cupido cruciatur,379.98,43,27,,,5,8
Fulgentius Ruspensis,De veritate praedestinationis,485.22,1373,819,,,202,114
Ennodius Ticinensis,Praeceptum,497.45,43,22,,,7,3
Hieronymus Stridonensis,Contra Vigilantium,400.82,323,137,,,33,20
Vigilius Tapsensis,De Trinitate,490,3018,998,,,248,90
Martinus Turonensis,Confessio,382.52,25,5,,,2,0
Venantius Fortunatus,Vita S. Amantii,573.81,197,113,,,30,7
Landulfus Sagax,Additamentum,750,286,135,,,38,7
Aldhelmus Schireburnensis,Diplomata,676.98,107,13,,,0,0
Beda,Passio Justini martyris,734.19,145,68,,,20,9
Patricius Hiberniae,Charta,450,30,25,,,4,1
Ambrosius Mediolanensis,Anacephalaeosis Historiae de excidio Hierosolymitanae urbis,360.41,317,135,,,37,18
Augustinus Hipponensis,De natura boni,393.47,485,169,,,41,14
Boetius,Distinctio locorum rhetoricorum,502.49,40,15,,,8,1
Rufinus Aquileiensis,Praefatio,374.72,10,5,,,0,1
Maximus Caesaraugustanus,Chronicon,645,286,25,,,7,3
Rufinus Aquileiensis,Historia monachorum,407.94,1370,778,,,180,85
Titus Livius,"Ab Urbe Condita, libri 35-37",-31.97,2103,1216,,,277,147
Seneca,De Consolatione ad Polybium,27.13,303,219,,,37,21
Hieronymus Stridonensis,Commentaria in Jeremiam,403.58,6135,2304,,,499,293
Columbanus Hibernus,De mensura taxanda poenitentiarum,574.39,105,35,,,6,1
Nicetas Aquileiensis,Fragmenta,409.4,21,10,,,2,2
Constantinus I,Epistola ad Porphyrium,293.4,14,10,,,1,2
Augustinus Hipponensis,Sermo II de symbolo,398.6,638,310,,,68,43
Marius Victorinus,In epistolam Pauli ad Ephesios,350.82,1687,662,,,130,74
Seneca,Thyestes,50.47,447,273,,,38,80
Hilarius Pictaviensis,De Trinitate,359.02,8239,2723,,,750,253
Hieronymus Stridonensis,Liber Esther,374.25,406,195,,,52,10
Servius,In Vergilii Georgicis comentarii,400,4722,1336,,,308,223
Justinianus I Augustus,Leges selectae,523.9,745,483,,,146,70
Eusebius Vercellensis,Epistolae,367.82,122,78,,,15,1
Ausonius Burdigalensis,Parentalia,353.8,296,76,,,12,13
Hieronymus Stridonensis,Liber Proverbiorum,363.78,1339,323,,,68,34
Fredegarius Scholasticus Burgundiae,Historia Francorum epitomata,640.52,697,229,,,47,18
Beda,Vita Felicis confessoris,706.32,150,91,,,25,11
Gregorius I,Expositio super Cantica canticorum,603.14,1907,880,,,206,44
Alcuinus,Officia per ferias,764.15,4149,852,,,170,100
Aristoteles; Boetius,Interpretatio Topicorum Aristotelis,513.3,1976,569,,,101,142
Boetius,De praedicatione trium personarum,514.07,26,9,,,4,1
Titus Livius,"Ab Urbe Condita, libri 01-2",10.5,2249,1079,,,192,146
Hilarius Pictaviensis,Tractatus super psalmos,362.92,14020,4110,,,1076,328
"Claudianus, Claudius",De bello Gothico,395.02,207,130,,,18,48
Augustinus Hipponensis,Post collationem ad Donatistas,429.39,741,415,,,124,49
Augustinus Hipponensis,Confessiones,402.12,4636,2680,,,641,289
Leo I,De haeresi et historia Priscillianistarum,460.5,1461,610,,,176,69
Cummianus Hibernus,De mensura poenitentiarum,661,380,193,,,60,14
Cicero,Epistolae ad Atticum,-74.11,9567,5727,,,1177,1094
Seneca,Medea,57.36,449,263,,,38,76
Ambrosius Mediolanensis,De Abraham,388.67,2127,944,,,193,102
Gregorius I,Benedictiones,573.03,101,26,,,5,1
Beda,Homiliae,729.08,12859,7035,,,1693,730
Beda,Explanatio Apocalypsis,692.94,2407,771,,,162,93
Beda,In Evangelium S. Joannis,729.87,9671,5356,,,1348,526
Silius Italicus,Punicorum libri,99.82,5075,2602,,,294,896
Agobardus Lugdunensis,Liber de grandine et tonitruis,799.11,244,135,,,29,20
Antoninus Honoratus,Epistola consolatoria,438,112,78,,,19,4
Tertullianus,Ad nationes,213.22,1037,355,,,107,19
Augustinus Hipponensis,De fide et symbolo,378.55,292,104,,,23,22
Beda,De schematibus et tropis sacrae Scripturae,715.12,357,90,,,17,16
Paulus Vinfridus,Vita S. Gregorii Magni,745.32,261,141,,,38,6
Didymus Alexandrinus; Hieronymus Stridonensis,De Spiritu Sancto,397.08,1284,418,,,89,53
Caesarius Arelatensis,Epistolae,521.02,289,148,,,42,16
Hieronymus Stridonensis,Vita S. Pauli,398.8,4,0,,,0,0
Ambrosius Mediolanensis,De Joseph Patriarcha,393.11,897,424,,,94,47
Ausonius Burdigalensis,Epistulae,327.2,539,347,,,58,70
Terentius Afer,Adelphi,-162.87,1123,331,,,92,48
Paulinus Nolanus,Epistolae,398.53,4459,2508,,,731,204
Benedictus Nursiae,Regula cum commentariis,526.49,16237,6071,,,1635,804
Warnaharius Lingonensis,Vita S. Desiderii,615,57,29,,,6,2
Beda,De nominibus locorum,722.92,179,33,,,8,1
Hieronymus Stridonensis,Liber Josue,390.45,1121,414,,,109,28
Pontianus Africanus,Epistola ad Justinianum,540,20,11,,,4,1
Hieronymus Stridonensis,Commentaria in Naum,403.26,1029,337,,,76,50
Isidorus Hispalensis,Liber numerorum qui in sanctis Scripturis occurrunt,620.24,416,100,,,31,5
Auctor incertus; Dionysius Exiguus,De inventione capitis Joannis Baptistae,496.59,699,237,,,55,20
Rufinus Aquileiensis,Opera Tyrannii Rufini,383.55,38,0,,,0,0
Augustinus Hipponensis,De civitate Dei,388.22,14969,7569,,,2011,822
Augustinus Hipponensis,De natura et gratia,398.05,1088,454,,,151,43
Auctor incertus; Dionysius Exiguus,Vita S. Pachomii,511.69,922,459,,,97,60
Prudentius,Carmina,397.59,1607,601,,,127,116
Hieronymus Stridonensis,Quaestiones Hebraicae in Genesim,391.63,1528,522,,,140,40
Plautus,Asinaria,-221.33,814,327,,,99,38
Tertullianus,De fuga in persecutione,212.7,374,165,,,50,11
Alcuinus,Super III epistolas Pauli,779.98,2067,810,,,175,102
Paulinus Nolanus,Poemata,391.65,3455,1527,,,295,319
Candidus Fuldensis,Vita metrica,800,321,102,,,25,19
Hieronymus Stridonensis,De nominibus Hebraicis,396.84,1919,111,,,22,9
Vigilius Tapsensis,De unitate Trinitatis 2,490,515,175,,,42,18
Ambrosius Mediolanensis,De officiis ministrorum,372.33,3523,1553,,,370,158
Cornelius Celsus,De medicina - Ed. Daremberg,33.24,6972,1806,,,473,57
Augustinus Hipponensis,Speculum de Scriptura sacra,424.21,5337,2054,,,421,244
Ovidius Naso,Amores,2.4,1245,721,,,130,158
Augustinus Hipponensis,Contra Secundinum Manichaeum,391.08,520,260,,,75,23
"Claudianus, Claudius",Panegyricus de tertio consulatu Honorii Augusti,391.44,68,42,,,1,23
Tertullianus,De anima,188.44,1470,459,,,149,39
Plautus,Stichus,-186.74,670,187,,,52,30
Hieronymus Stridonensis,Apologia adversus libros Rufini,404.49,2354,1131,,,311,88
Ambrosius Mediolanensis,De excessu fratris sui Satyrus,375.2,1463,672,,,188,40
Plautus,Rudens,-223.51,1218,387,,,105,47
Hieronymus Stridonensis; Auctores incerti,Graeca fragmenta libri nominum Hebraicorum,411.62,1352,28,,,11,2
Paulinus Mediolanensis,De benedictionibus patriarcharum,407.54,413,109,,,24,14
Hieronymus Stridonensis,Commentaria in Epistolam ad Galatas,416.69,3314,1244,,,303,121
Ambrosiaster,Commentaria in Epistolam ad Corinthios Primam,384.0,2535,1115,,,287,117
Augustinus Hipponensis,De gestis cum Emerito,386.91,227,95,,,22,6
Defensor Locociagensis,Scintillae,750,3285,1064,,,214,112
Augustinus Hipponensis,Sermo ad plebem ecclesiae Caesareensis,416.79,300,126,,,36,8
Sisebutus,Epistolae,621,200,127,,,25,12
Theodorus Cantuariensis,Fragmenta ex canonibus,630.47,34,11,,,4,0
Servius,In Vergilii Aeneide comentarii,400,25813,8888,,,1935,1586
Wicbodus,Quaestiones in Octateuchum,790,1477,660,,,110,92
Beda,Hexaemeron,709.84,3025,1632,,,341,203
Alcuinus,De grammaria,794.77,2063,675,,,399,54
Gregorius I,Liber responsalis,575.09,5820,1920,,,360,239
Hieronymus Stridonensis,De formis Hebraicarum litterarum,386.09,11,7,,,2,1
Venantius Fortunatus,Vita S. Radegundis Reginae,548.55,546,319,,,63,50
Beda,Fragmenta in Proverbia Salomonis,703.47,325,102,,,27,6
Hieronymus Stridonensis,Canticum Canticorum,389.88,209,52,,,11,10
Ausonius Burdigalensis,Libri de Fastis conclusio,370.02,11,5,,,3,0
Lucanus,Pharsalia,58.49,4719,1990,,,275,508
Alcuinus,Quaestiones de Trinitate et de Genesi,792.08,121,26,,,4,5
Seneca,Oedipus,22.66,460,256,,,29,84
Gregorius I,Moralia II,585.14,18330,7897,,,1707,555
Leo I,Sermones,458.66,4935,2233,,,555,306
Alcuinus,Interrogationes et responsiones in Genesin,777.22,1466,457,,,88,64
Egbertus Eboracensis,Excerptiones,729,426,203,,,46,22
Prudentius,Dittochaeon,397.43,83,44,,,6,13
Augustinus Hipponensis,De gratia Christi et de peccato originali,375.03,1000,556,,,144,50
Plautus,Mostellaria,-219.74,1125,318,,,99,33
Apuleius,Florida,158.61,329,172,,,48,19
Alcuinus,De confessione peccatorum,762.83,142,42,,,10,9
Agobardus Lugdunensis,De modo regiminis ecclesiastici,794.15,145,45,,,10,8
Aldhelmus Schireburnensis,De basilica aedificata a Bugge,703.86,25,12,,,2,5
Eugenius III Toletanus,Epitaphium,657,271,124,,,15,22
Titus Livius,"Ab Urbe Condita, libri 28-30",-38.01,3400,1214,,,256,182
Augustinus Hipponensis,De ordine,390.69,1100,552,,,135,52
Cornelius Tacitus,Opera Minora,95.6,384,143,,,40,13
Hieronymus Stridonensis,Epistola Joannis II,364.75,18,11,,,2,0
Augustinus Hipponensis,Sermones 1,395.24,1714,888,,,256,80
Cassiodorus Vivariensis,Complexiones,504.02,1762,719,,,160,82
Prudentius,Psychomachia,403.5,421,165,,,27,39
Prudentius,Praefatio,390.74,14,13,,,5,0
Avitus Viennensis,Epistolae,516.11,58,28,,,10,6
Cyprianus Cassinensis,Hymnus de S. Benedicto,760,28,11,,,3,3
Ausonius Burdigalensis,Epitaphia heroum,365.75,148,29,,,6,4
Hieronymus Stridonensis; Auctores incerti,De X nominibus Dei,374.82,68,22,,,6,2
Columbanus Hibernus,Carmina,585.06,343,98,,,9,19
Leo I,Appendix secunda,459.46,178,51,,,13,3
Augustinus Hipponensis,De mendacio,403.93,679,345,,,83,27
Tibullus,Elegiae,-22.55,879,416,,,52,127
Ennodius Ticinensis,Vita B. Antonii,501.01,148,66,,,13,5
Augustinus Hipponensis,De doctrina Christiana,415.31,2110,1122,,,268,122
"Statius, Publius Papinius",Silvae,83.83,1860,938,,,127,305
Avitus Viennensis,Sermo in rogationibus,483.98,138,84,,,27,12
Valentinus,Epistola,400,58,28,,,7,4
Hieronymus Stridonensis,De situ et nominibus locorum Hebraicorum,396.16,1646,192,,,58,13
Leo I,De vocatione omnium gentium,459.55,3,1,,,0,0
Constantinus I,Decreta et constitutiones,331.04,1497,599,,,137,80
"Claudianus, Claudius",Fescinnina de nuptiis Honorii Augusti,397.35,40,23,,,1,4
Hieronymus Stridonensis,Libri Samuelis et Malachim,410.01,6350,2192,,,520,175
Leo I,Sacramenta Romanae Ecclesiae,458.02,1716,773,,,224,103
Ambrosius Mediolanensis,De institutione virginis,366.03,707,279,,,64,27
Hilarius Pictaviensis,Hymnus Abrae missus,349.87,9,3,,,0,2
Isidorus Hispalensis,Etymologiae,589.37,13500,3660,,,658,432
Cassiodorus Vivariensis,De institutione divinarum litterarum,538.11,821,322,,,94,29
Celsus,Praefatio de Judaica incredulitate,300,105,79,,,25,9
Beda,Expositio super Acta Apostolorum,717.14,1543,575,,,147,75
Concilium Parisiense,Epistola,614,6,3,,,1,0
Hieronymus Stridonensis,Commentaria in Isaiam,414.99,18947,7090,,,1650,817
Leporius monachus,Libellus emendationis,426,169,54,,,16,11
Jonas Aurelianus,De institutione regia,793.73,465,245,,,60,25
Ambrosius Mediolanensis,Commentarius in Cantica canticorum,386.38,3120,1318,,,309,134
Prudentius,Apotheosis,394.08,299,254,,,38,78
Paulus Vinfridus,Versus nuncupatorii,771.58,1,0,,,0,0
Prudentius,Psychomachia,404.4,217,200,,,30,66
Zacchaeus Christianus,Consultationes,406.45,1792,752,,,222,71
Columbanus Hibernus,Regula coenobialis,572.2,396,120,,,26,10
Aurelianus Arelatensis,Regula ad virgines,559.52,249,53,,,7,6
Cyprianus Carthaginensis,Epistolae 1,258,39,20,,,6,3
Beda,De temporibus,728.22,309,43,,,7,8
Alcuinus,De orthographia,792.18,655,191,,,102,8
Carolus Magnus,Ad lectorem,786.87,8,4,,,0,0
Plautus,Bacchides,-225.53,1073,362,,,108,48
Alcuinus,Liber sacramentorum,799.09,429,151,,,45,8
Aulus Gellius,Noctes Atticae,172.26,6758,2841,,,779,369
Isidorus Hispalensis,Quaestiones de Veteri et Novo Testamento,607.47,148,44,,,10,5
Plautus,Truculentus,-233.79,871,378,,,115,48
Venantius Fortunatus,De excidio Thuringiae,586.01,160,106,,,27,18
Gregorius I,Constitutiones Lateranenses,576.54,91,28,,,5,6
Dionysius Exiguus,Epistola ad Eugipium,499.56,17,6,,,3,0
Beda,Allegorica expositio in Samuelem,727.0,4281,1933,,,575,154
Augustinus Hipponensis,De divinatione daemonum,398.74,156,96,,,24,9
Prosper Aquitanus,Chronicon Prosperi Aquitanici,409.1,166,37,,,7,5
Martinus Braccarensis,Pro repellanda jactantia,539.32,75,31,,,8,3
Bonifacius Moguntinus,Juramentum,752.84,5,4,,,2,0
Martinus Braccarensis,De Pascha,554.67,35,11,,,3,3
Ausonius Burdigalensis,Ephemeris,368.08,131,27,,,9,5
Concilia varia; Dionysius Exiguus,Codex canonum ecclesiae universae,532.27,863,222,,,62,9
Proclus Constantinopolitanus; Dionysius Exiguus,Epistola de fide,509.05,195,62,,,11,10
Bonifacius Moguntinus,Epistolae,728.89,1291,675,,,184,75
Licinianus Carthaginensis,Epistola III,584,22,12,,,4,1
Prosper Aquitanus,Epigramma in obtrectatorem Augustini,416.02,13,4,,,1,0
Hieronymus Stridonensis,Actus apostolorum,399.73,1494,601,,,139,72
Mamertus Claudianus,De statu animae,434.11,2104,767,,,218,72
Hieronymus Stridonensis,Praefationes aliae,403.42,61,27,,,9,5
Isidorus Hispalensis,Appendix ad libros Regum,613.41,265,85,,,23,5
Beda,Martyrologium,691.38,5175,865,,,264,74
Patricius Hiberniae,Synodus S. Patricii,450,113,31,,,9,2
Cyprianus Carthaginensis,Ad Demetrianum,258,232,98,,,18,18
Origenes; Hieronymus Stridonensis,Translatio Homiliarum in Jeremiam et Ezechielem,397.3,5515,1959,,,460,219
Hieronymus Stridonensis,Liber Danielis,382.2,1016,378,,,69,39
Martinus Braccarensis,De ira,554.43,230,99,,,24,10
Hieronymus Stridonensis,Commentaria in Malachiam,371.57,949,440,,,85,35
Titus Livius,"Ab Urbe Condita, libri 38-39",-33.33,1966,925,,,222,102
Cyprianus Carthaginensis,De oratione dominica,258,370,179,,,49,20
Augustinus Hipponensis,De utilitate credendi,382.4,670,357,,,107,19
Vergilius Maro,Aeneis,-40.72,1258,890,,,128,218
Propertius,Libri elegiarum,-17.96,1985,812,,,105,260
Ausonius Burdigalensis,Technopaegnion,336.34,116,37,,,3,8
Cicero,Orationes 5,-87.09,1620,572,,,170,70
Coelius Sedulius,Elegia,342,65,29,,,5,6
Augustinus Hipponensis,De bono viduitatis,372.95,453,253,,,63,27
Leo I,Appendix prima,460.63,360,146,,,37,24
Paulinus Aquileiensis,Fragmenta epistolarum,766.17,29,19,,,4,2
Seneca,De Consolatione ad Helvium,30.25,388,257,,,48,34
Cicero,De Officiis,-44,1504,783,,,188,109
Justinianus I Augustus,Epistola,509.57,722,196,,,43,21
Ambrosius Mediolanensis,Hexaemeron,372.25,3731,1415,,,285,181
Aristoteles; Boetius,Interpretatio Elenchorum sophisticorum Aristotelis,510.52,702,292,,,70,58
Cicero,De finibus,-45,3406,1441,,,390,193
Ambrosius Mediolanensis,De mysteriis,365.81,405,139,,,36,10
Julianus Toletanus,Orationes,686.97,12,1,,,0,1
Prudentius,Contra Symmachum,403.92,480,414,,,51,138
Cyprianus Carthaginensis,De zelo et livore,258,172,71,,,18,10
Augustinus Hipponensis,Psalmus contra partem Donati,402.53,240,98,,,13,14
Ambrosius Mediolanensis,De Nabuthe Jezraelita,377.41,834,363,,,82,28
Julianus Toletanus,Prognosticon,682.94,1299,619,,,183,54
Gregorius I,Moralia,602.31,384,167,,,40,8
Boetius,De syllogismo categorico,523.05,1618,300,,,63,36
Fulgentius Ruspensis,Libri ad Monimum,485.37,1385,600,,,143,79
Maximus Taurinensis,Tractatus,420,777,370,,,89,47
Augustinus Hipponensis,Contra Academicos,421.7,1415,714,,,198,62
Venantius Fortunatus,Epitaphium,604.13,10,6,,,1,1
Augustinus Hipponensis,De unico baptismo contra Petilianum,420.39,325,191,,,64,16
Smaragdus S. Michaelis,Praefatio,783.69,9,6,,,2,3
Augustinus Hipponensis,De oratione,379.16,288,177,,,49,24
Fulgentius Ruspensis,Responsio contra Arianos,487.5,472,166,,,39,26
Sallustius,De Catilinae coniuratione,-43.15,583,305,,,63,26
Paulus Vinfridus,Epistolae et carmina,782.83,312,147,,,26,19
Ennodius Ticinensis,Paraenesis didascalia,501.47,148,56,,,12,12
Horatius Flaccus,Epodes,-29.49,163,83,,,13,22
Boetius,De Trinitate,514.56,162,22,,,5,4
Smaragdus S. Michaelis,Via regia,788.52,1083,451,,,85,78
Hieronymus Stridonensis,Liber Ezechielis,416.77,2520,745,,,152,86
Isidorus Hispalensis,Appendix VI: Praefatio Collectionis canonum,633.48,19,2,,,1,0
Hieronymus Stridonensis,Contra Joannem Hierosolymitanum,387.98,1089,398,,,107,38
Maximus Caesaraugustanus,Epistola,645,7,3,,,1,0
Aurelius Carthaginensis,Synodica,400,8,1,,,0,0
Augustinus Hipponensis,De actis cum Felice Manichaeo,429.7,867,516,,,140,53
Arnobius junior,Conflictus de Deo Trino et Uno,460,1573,685,,,149,99
Ferreolus Ucetiensis,Regula ad monachos,500,448,168,,,55,18
Novatianus,De cibis Judaicis,260,181,59,,,8,6
Cornelius Tacitus,Annales ab excessu divi Augusti,90.26,4865,1922,,,335,253
Alcuinus,De virtutibus et vitiis,761.07,739,285,,,54,39
Nicetas Aquileiensis,Explanatio symboli,361.98,151,59,,,18,5
Ennodius Ticinensis,Epistolae,519.55,3578,1607,,,365,187
Hieronymus Stridonensis,Commentaria in Job,395.61,6085,1823,,,404,187
Augustinus Hipponensis,In Epistolam Joannis ad Parthos tractatus X,373.51,3557,2010,,,503,158
Beda,Commentarii in Pentateuchum,694.36,6323,2270,,,474,228
Isidorus Hispalensis,Historia de regibus,633.29,345,166,,,49,3
"Claudianus, Claudius",In Rufinum,391.18,383,203,,,28,70
Gregorius I,Regula pastoralis,584.86,2497,1174,,,271,46
Agobardus Lugdunensis,Liber adversus legem Gundobadi,794.04,138,66,,,25,9
Curtius Rufus,Historiae Alexandri Magni,50,5418,2618,,,590,288
Agobardus Lugdunensis,Chartula ad Lotharium,798.59,19,9,,,1,0
Prosper Aquitanus,Responsiones pro Augustino ad capitula Gallorum,439.1,244,140,,,49,12
Augustinus Hipponensis,Liber imperfectus de Genesi ad litteram,417.6,554,173,,,22,16
Venantius Fortunatus,Vita S. Radegundis,575.5,235,105,,,16,19
Augustinus Hipponensis,Epistolae ad Valentinum,416.1,109,64,,,21,3
Marius Victorinus,De homoousio recipiendo,318.37,104,15,,,3,3
Plautus,Poenulus,-212.59,1241,418,,,119,50
Orosius,Historiae,418.06,4440,1979,,,573,101
Isidorus Hispalensis,De ecclesiasticis officiis,612.2,1157,480,,,123,39
Plinius minor,Epistolae,90.36,4052,2582,,,674,236
Beda,Historia ecclesiastica,707.48,3617,2066,,,616,154
Hilarius Pictaviensis,Fragmenta ex aliis operibus,364.54,45,8,,,3,0
Hieronymus Stridonensis,Epistola Pauli ad Timotheum II,365.29,105,38,,,11,5
Hilarius Arelatensis,Epistola,424.37,7,5,,,2,0
Prosper Aquitanus,Chronicum integrum,462.75,1040,249,,,43,26
Cicero,Orationes 2,-87.86,6638,2647,,,664,374
Auspicius Tullensis,Epistola ad Arbogastem,470,41,16,,,3,4
Augustinus Hipponensis,De magistro,380.2,666,388,,,133,35
Julius Hilarianus,Chronologia,450,200,61,,,21,7
Benedictus Anianensis,Epistolae,770.59,28,11,,,4,2
Julianus Toletanus,Elogium,666.73,17,7,,,2,0
Augustinus Hipponensis,De perfectione justitiae hominis,417.41,594,224,,,59,30
Caesarius Arelatensis,Testamentum,534.57,42,39,,,16,2
Seneca,De Constantia,28.47,262,213,,,33,47
Cassiodorus Vivariensis,Chronicon,511.29,1358,72,,,18,5
Titus Livius,"Ab Urbe Condita, libri 23-25",-14.13,2453,1211,,,227,224
Cicero,De Oratore 1,-55,1921,1573,,,445,169
Prosper Aquitanus,Epitaphium Nestorianae et Pelagianae haeresium,427.94,12,6,,,0,3
Macarius Nitriensis,Regula S. Macarii,300,65,28,,,2,7
Hieronymus Stridonensis,Epistola Pauli ad Corinthios I,383.18,725,202,,,58,11
Alcuinus,Interpretationes nominum Hebraicorum,775.29,235,56,,,11,4
Boetius,Ars geometriae et arithmeticae,510.09,246,101,,,14,11
Hieronymus Stridonensis,Liber Isaiae,363.21,2459,723,,,184,61
Alcuinus,In Evangelium Joannis,786.85,8414,4366,,,1141,384
Aimoinus Sangermanensis,Acta translationis S. Savini martyris,800,64,37,,,15,5
Seneca,De Consolatione ad Marciam,23.43,527,331,,,64,46
Hieronymus Stridonensis,Liber Genesis,361.21,2797,1011,,,158,110
Augustinus Hipponensis,Sermones de Scripturis,427.53,39286,16986,,,4632,1296
Ausonius Burdigalensis,Ludus septem sapientum,361.29,160,48,,,6,4
Hieronymus Stridonensis,Adversus Jovinianum,398.06,3260,1192,,,289,142
Beda,Vita prosaica S. Cuthberti,721.4,817,474,,,130,58
Seneca,De Tranquillitate Animi,33.48,441,286,,,58,31
Ausonius Burdigalensis,Ludus septem sapientum,344.14,124,58,,,8,9
Beda,Praefatio de cyclo Paschali,701.36,24,8,,,1,3
Augustinus Hipponensis,Contra Adimantum,387.49,973,471,,,82,59
Ausonius Burdigalensis,Epigrammata de diversis rebus,336.84,373,173,,,36,29
Patricius Hiberniae,Proverbia,450,18,2,,,0,0
Nazarius,Panegyricus Constantini,321,388,232,,,54,24
Seneca,Ad Lucilium Epistulae Morales,46.69,10048,4857,,,1202,568
Seneca,Hercules Oetaeus,34.73,930,600,,,55,194
Terentius Afer,Hecyra,-163.49,785,328,,,93,49
Aimoinus Sangermanensis,De miraculis S. Germani,800,351,135,,,48,14
Fulgentius Ruspensis,Sermones,515.36,813,464,,,99,65
